,id,first_name,last_name,email,gender,gem,class,character_name,gametime,country,level
0,1,,Attwell,kattwell0@hhs.gov,female,arctic armour,other,jattwell0,409,China,100
1,2,Shoshanna,,scorrigan1@pinterest.com,female,barrage,other,scarnson1,12,El Salvador,20
2,3,Nadya,Boobyer,nboobyer2@yahoo.com,female,arctic armour,scion,nboobyer2,320,Norway,100
3,4,Tris,Chippindale,tchippindale3@businessinsider.com,female,barrage,scion,tchippindale3,171,Japan,100
4,5,Netta,,nmateescu4@flavors.me,female,arctic armour,other,ngeorgins4,446,Russia,100
5,6,Austin,Formoy,aformoy5@live.com,female,animate weapon,scion,aformoy5,215,Peru,100
6,7,Greta,Capponeer,gcapponeer6@furl.net,female,animate weapon,other,gcapponeer6,157,Indonesia,100
7,8,Barbette,,bcrosfield7@weather.com,female,animate weapon,scion,bmargarson7,439,Mozambique,100
8,9,Adiana,Kissock,akissock8@pcworld.com,female,arctic armour,other,akissock8,233,Czech Republic,100
9,10,Patty,,pdelion9@hugedomains.com,female,arctic armour,other,pheeron9,16,Japan,21
10,11,Stanfield,Minifie,sminifiea@list-manage.com,female,barrage,other,sminifiea,354,Canada,100
11,12,Lotti,Fochs,lfochsb@lycos.com,female,barrage,scion,lfochsb,163,Iran,100
12,13,Gordon,Dradey,gdradeyc@miitbeian.gov.cn,female,barrage,other,gdradeyc,423,Morocco,100
13,14,Ivy,,igregrd@google.es,female,barrage,scion,ipimlockd,310,Norway,100
14,15,Hale,Rowlson,hrowlsone@exblog.jp,female,barrage,other,hrowlsone,370,Indonesia,100
15,16,Northrup,,nskitralf@ibm.com,female,animate weapon,scion,nhabardf,301,Peru,100
16,17,Cleo,,clucianog@dot.gov,female,arctic armour,scion,ceasmang,48,North Korea,19
17,18,Sherwynd,Boffey,sboffeyh@lycos.com,female,barrage,scion,sboffeyh,315,Poland,100
18,19,Paige,Bucke,pbuckei@ustream.tv,female,barrage,other,pbuckei,385,Russia,100
19,20,Keary,,krainsdonj@mapy.cz,female,animate weapon,scion,kwevellj,323,Canada,100
20,21,Tarrance,Rait,traitk@ehow.com,female,barrage,other,traitk,286,Sweden,100
21,22,Antone,,adeluzel@mediafire.com,female,arctic armour,scion,agoulterl,78,Thailand,29
22,23,,Tidey,rtideym@oaic.gov.au,female,barrage,other,ktideym,60,Poland,43
23,24,Sheela,,sredfearnn@nationalgeographic.com,female,arctic armour,scion,selkingtonn,148,Afghanistan,100
24,25,Selma,Alven,salveno@themeforest.net,female,animate weapon,other,salveno,384,China,100
25,26,Magdalen,Kennaird,mkennairdp@mail.ru,female,arctic armour,scion,mkennairdp,264,Greece,100
26,27,Ilene,Metheringham,imetheringhamq@domainmarket.com,female,barrage,scion,imetheringhamq,434,Zambia,100
27,28,Karlene,Bezemer,kbezemerr@digg.com,female,animate weapon,scion,kbezemerr,44,Portugal,10
28,29,,Kearns,jkearnss@amazon.com,female,barrage,other,skearnss,59,Moldova,32
29,30,Hendrik,Baterip,hbateript@google.cn,female,arctic armour,other,hbateript,347,Finland,100
30,31,Daile,Qusklay,dqusklayu@chicagotribune.com,female,arctic armour,scion,dqusklayu,103,Japan,41
31,32,Jeanna,,jwhearv@163.com,female,barrage,other,jbainesv,228,China,100
32,33,Rosamund,Matelaitis,rmatelaitisw@webeden.co.uk,female,animate weapon,other,rmatelaitisw,322,Bahrain,100
33,34,Celia,Fellenor,cfellenorx@nps.gov,female,barrage,scion,cfellenorx,133,Cameroon,100
34,35,Dacey,,dcassiey@ihg.com,female,barrage,scion,dbrienty,333,Indonesia,100
35,36,Eben,,ecavanz@t.co,female,arctic armour,scion,evanderhoevenz,390,Indonesia,100
36,37,Mordy,Shelly,mshelly10@wufoo.com,female,animate weapon,scion,mshelly10,60,Serbia,53
37,38,Brook,Severwright,bseverwright11@constantcontact.com,female,arctic armour,other,bseverwright11,214,Russia,100
38,39,Jacquette,Pettet,jpettet12@shinystat.com,female,arctic armour,scion,jpettet12,416,Tunisia,100
39,40,Roberto,,rwhickman13@cornell.edu,female,barrage,other,rmcmanaman13,124,Nepal,100
40,41,Mathilda,Scintsbury,mscintsbury14@shutterfly.com,female,animate weapon,scion,mscintsbury14,429,Slovenia,100
41,42,Bancroft,,bball15@ihg.com,female,arctic armour,other,bmarrington15,362,Somalia,100
42,43,Bengt,Shory,bshory16@apple.com,female,barrage,scion,bshory16,173,Tanzania,100
43,44,Laina,,lscoyne17@independent.co.uk,female,barrage,other,lennew17,364,Russia,100
44,45,,Citrine,jcitrine18@usnews.com,female,animate weapon,other,jcitrine18,54,China,69
45,46,,Kenforth,tkenforth19@printfriendly.com,female,arctic armour,other,kkenforth19,312,France,100
46,47,Brigid,,bhardiman1a@wired.com,female,animate weapon,scion,bguisot1a,395,China,100
47,48,Gusty,Jerger,gjerger1b@toplist.cz,female,barrage,scion,gjerger1b,335,Indonesia,100
48,49,,Nenci,rnenci1c@cisco.com,female,barrage,other,jnenci1c,184,Philippines,100
49,50,,Pennycook,zpennycook1d@linkedin.com,female,barrage,scion,ppennycook1d,111,China,67
50,51,Niel,,ngorelli1e@digg.com,female,arctic armour,scion,nsouten1e,362,Czech Republic,100
51,52,Buddy,Padwick,bpadwick1f@baidu.com,female,barrage,other,bpadwick1f,30,Russia,1
52,53,Jamison,Itzkin,jitzkin1g@tinypic.com,female,barrage,scion,jitzkin1g,283,China,100
53,54,Cathe,,ctoomer1h@networkadvertising.org,female,animate weapon,other,cbusek1h,413,Argentina,100
54,55,,,vwitter1i@163.com,female,barrage,other,dbeatty1i,99,Pakistan,60
55,56,Christabella,Kem,ckem1j@aol.com,female,barrage,scion,ckem1j,365,Guatemala,100
56,57,Pam,Cavolini,pcavolini1k@geocities.com,female,animate weapon,other,pcavolini1k,90,Brazil,36
57,58,Elaine,,ebreens1l@ucoz.ru,female,barrage,other,esage1l,397,Peru,100
58,59,Pen,Grolle,pgrolle1m@tripadvisor.com,female,barrage,scion,pgrolle1m,46,Indonesia,14
59,60,Cherilyn,Scutcheon,cscutcheon1n@comsenz.com,female,barrage,scion,cscutcheon1n,186,China,100
60,61,Cahra,Rawes,crawes1o@oaic.gov.au,female,arctic armour,other,crawes1o,390,Peru,100
61,62,Port,Caulcutt,pcaulcutt1p@cornell.edu,female,barrage,other,pcaulcutt1p,144,Nigeria,100
62,63,Fifine,Pinchen,fpinchen1q@wikipedia.org,female,barrage,other,fpinchen1q,441,China,100
63,64,Geoff,,gcogger1r@nytimes.com,female,animate weapon,other,gcamier1r,397,China,100
64,65,Jarrad,Meechan,jmeechan1s@elegantthemes.com,female,arctic armour,scion,jmeechan1s,310,Indonesia,100
65,66,Zedekiah,,zferraresi1t@storify.com,female,animate weapon,other,ztomson1t,54,Nigeria,61
66,67,Hester,Verrill,hverrill1u@tmall.com,female,barrage,scion,hverrill1u,51,Slovenia,66
67,68,Gareth,Spadaro,gspadaro1v@livejournal.com,female,animate weapon,scion,gspadaro1v,252,Portugal,100
68,69,Graham,Attwoul,gattwoul1w@topsy.com,female,animate weapon,other,gattwoul1w,273,Uruguay,100
69,70,,,vromi1x@sciencedaily.com,female,barrage,other,csargint1x,105,Portugal,45
70,71,Edith,Lyst,elyst1y@opensource.org,female,animate weapon,scion,elyst1y,392,China,100
71,72,Walton,,wramsdell1z@jalbum.net,female,arctic armour,other,wbetts1z,24,Poland,2
72,73,Paul,,prootes20@stumbleupon.com,female,animate weapon,scion,plysaght20,225,United States,100
73,74,Ferris,Wroath,fwroath21@pinterest.com,female,animate weapon,scion,fwroath21,284,China,100
74,75,Riane,Farfoot,rfarfoot22@shutterfly.com,female,barrage,other,rfarfoot22,32,China,14
75,76,Flor,Callander,fcallander23@tiny.cc,female,animate weapon,other,fcallander23,256,Germany,100
76,77,Harold,Davidov,hdavidov24@issuu.com,female,barrage,scion,hdavidov24,295,France,100
77,78,Molli,,mhaps25@wp.com,female,barrage,scion,mgyves25,118,Serbia,45
78,79,Aloysius,,ajimmes26@elegantthemes.com,female,animate weapon,scion,aokielt26,50,Ukraine,60
79,80,Scotty,,sfarbrace27@cocolog-nifty.com,female,animate weapon,scion,smuino27,164,China,100
80,81,Janenna,,jstihl28@furl.net,female,animate weapon,scion,jseagar28,264,United States,100
81,82,Gregorio,Bartolic,gbartolic29@howstuffworks.com,female,animate weapon,other,gbartolic29,423,China,100
82,83,Sandor,Popov,spopov2a@cmu.edu,female,animate weapon,scion,spopov2a,325,Thailand,100
83,84,Garrik,,gsaunderson2b@seattletimes.com,female,barrage,other,gelldred2b,297,Japan,100
84,85,Padget,Kiledal,pkiledal2c@youtube.com,female,arctic armour,scion,pkiledal2c,126,China,100
85,86,Evita,Golthorpp,egolthorpp2d@newsvine.com,female,barrage,scion,egolthorpp2d,295,China,100
86,87,Yehudi,,ycordero2e@cpanel.net,female,arctic armour,other,ybaynes2e,170,Haiti,100
87,88,Charline,Rickard,crickard2f@nyu.edu,female,animate weapon,other,crickard2f,139,Bosnia and Herzegovina,100
88,89,Gavrielle,,gkersey2g@sina.com.cn,female,barrage,scion,gfryd2g,262,Russia,100
89,90,Rudolfo,Imesen,rimesen2h@paginegialle.it,female,barrage,other,rimesen2h,253,China,100
90,91,Lacie,Durdle,ldurdle2i@acquirethisname.com,female,barrage,other,ldurdle2i,275,Pakistan,100
91,92,Lauraine,Spatari,lspatari2j@nyu.edu,female,arctic armour,scion,lspatari2j,298,Ukraine,100
92,93,Derry,,dcorrao2k@disqus.com,female,arctic armour,scion,dgouinlock2k,69,Philippines,70
93,94,,MacColl,bmaccoll2l@dagondesign.com,female,animate weapon,scion,jmaccoll2l,6,Brazil,20
94,95,Charo,,cmunnings2m@rambler.ru,female,animate weapon,scion,ckumar2m,54,Philippines,50
95,96,Roslyn,Louisot,rlouisot2n@google.it,female,arctic armour,other,rlouisot2n,429,Ukraine,100
96,97,Ceil,,cgooding2o@tinyurl.com,female,arctic armour,scion,cgobeau2o,373,Indonesia,100
97,98,Bree,Agget,bagget2p@eventbrite.com,female,animate weapon,other,bagget2p,329,Russia,100
98,99,Alric,Sutliff,asutliff2q@businessinsider.com,female,barrage,scion,asutliff2q,53,Ukraine,62
99,100,Vernon,Findlow,vfindlow2r@nbcnews.com,male,arctic armour,other,vfindlow2r,182,Philippines,100
100,101,Burton,Brandom,bbrandom2s@ucoz.ru,male,barrage,other,bbrandom2s,170,China,100
101,102,Rudolf,Prestner,rprestner2t@cloudflare.com,male,barrage,scion,rprestner2t,342,China,100
102,103,Si,Tearney,stearney2u@hhs.gov,male,barrage,scion,stearney2u,358,China,100
103,104,Jen,Corben,jcorben2v@biglobe.ne.jp,male,animate weapon,scion,jcorben2v,13,China,21
104,105,Georgie,Narramore,gnarramore2w@house.gov,male,barrage,other,gnarramore2w,330,Philippines,100
105,106,Townsend,Upsale,tupsale2x@privacy.gov.au,male,barrage,other,tupsale2x,72,Greece,33
106,107,Patrice,Burr,pburr2y@sciencedirect.com,male,arctic armour,other,pburr2y,450,Indonesia,100
107,108,Roze,Lindblad,rlindblad2z@hexun.com,male,animate weapon,other,rlindblad2z,16,Indonesia,20
108,109,Herman,,hbragg30@msn.com,male,barrage,scion,hhellyar30,113,Bulgaria,68
109,110,Carmine,Pirdy,cpirdy31@bbc.co.uk,male,arctic armour,other,cpirdy31,245,Greece,100
110,111,Paula,Perillio,pperillio32@tinyurl.com,male,barrage,scion,pperillio32,400,Kazakhstan,100
111,112,Eliot,Schooley,eschooley33@cbslocal.com,male,barrage,other,eschooley33,371,China,100
112,113,Lorilee,Greeve,lgreeve34@oaic.gov.au,male,animate weapon,scion,lgreeve34,284,China,100
113,114,,Berston,cberston35@aboutads.info,male,barrage,other,cberston35,176,China,100
114,115,Burg,,blaweles36@hhs.gov,male,arctic armour,scion,bserfati36,412,Serbia,100
115,116,Cherianne,Pritty,cpritty37@scribd.com,male,animate weapon,other,cpritty37,79,Brazil,36
116,117,Russell,,rpauncefort38@opera.com,male,arctic armour,other,rsaffrin38,272,Russia,100
117,118,Stesha,Della,sdella39@joomla.org,male,barrage,other,sdella39,224,China,100
118,119,Giles,,glopez3a@deviantart.com,male,barrage,other,gmcilwraith3a,377,Norway,100
119,120,Herrick,,hvickerstaff3b@bizjournals.com,male,arctic armour,other,hpeirce3b,224,Poland,100
120,121,Louie,,lnoller3c@mayoclinic.com,male,barrage,other,lingreda3c,422,China,100
121,122,Aurel,,alamcken3d@cpanel.net,male,animate weapon,other,aschwaiger3d,55,Argentina,36
122,123,Shalna,Pownall,spownall3e@msn.com,male,animate weapon,other,spownall3e,12,Philippines,23
123,124,Millisent,Backhurst,mbackhurst3f@topsy.com,male,arctic armour,scion,mbackhurst3f,229,Argentina,100
124,125,Corilla,Killock,ckillock3g@oracle.com,male,arctic armour,other,ckillock3g,268,Democratic Republic of the Congo,100
125,126,Conni,,cartois3h@intel.com,male,barrage,other,cwithers3h,425,Poland,100
126,127,Glynis,Merriton,gmerriton3i@who.int,male,arctic armour,scion,gmerriton3i,231,Pakistan,100
127,128,Tina,,tsyer3j@reverbnation.com,male,barrage,other,twaddilove3j,251,Chad,100
128,129,Martina,Veeler,mveeler3k@sogou.com,male,arctic armour,other,mveeler3k,167,Philippines,100
129,130,Ruddy,Shapera,rshapera3l@weibo.com,male,arctic armour,other,rshapera3l,359,Czech Republic,100
130,131,Holt,Ruddell,hruddell3m@taobao.com,male,arctic armour,scion,hruddell3m,143,Ukraine,100
131,132,Sheryl,Povah,spovah3n@scientificamerican.com,male,barrage,scion,spovah3n,316,China,100
132,133,Leopold,Middlebrook,lmiddlebrook3o@illinois.edu,male,arctic armour,other,lmiddlebrook3o,204,Guatemala,100
133,134,,Metheringham,fmetheringham3p@drupal.org,male,arctic armour,other,jmetheringham3p,59,Indonesia,59
134,135,,,kteresi3q@plala.or.jp,male,animate weapon,scion,aknightsbridge3q,343,Slovenia,100
135,136,,Bedboro,ebedboro3r@cafepress.com,male,barrage,scion,ybedboro3r,312,Norway,100
136,137,Dee,,dmcgeagh3s@symantec.com,male,animate weapon,other,dthorwarth3s,13,Philippines,17
137,138,Lars,,lallison3t@diigo.com,male,animate weapon,other,lplante3t,376,Palestinian Territory,100
138,139,,,ctakis3u@ca.gov,male,barrage,scion,wmorfey3u,326,Ukraine,100
139,140,,,jeadmead3v@sciencedaily.com,male,barrage,scion,tfoux3v,166,Latvia,100
140,141,Cate,,cschulz3w@newsvine.com,male,animate weapon,scion,crings3w,388,Ireland,100
141,142,Merrick,Gason,mgason3x@163.com,male,barrage,other,mgason3x,51,Armenia,49
142,143,Berrie,Kabos,bkabos3y@indiegogo.com,male,animate weapon,scion,bkabos3y,44,China,23
143,144,Marie,,mdybell3z@weather.com,male,animate weapon,scion,mvertigan3z,95,Philippines,30
144,145,Elsy,Hultberg,ehultberg40@live.com,male,arctic armour,other,ehultberg40,231,Armenia,100
145,146,Cele,Faherty,cfaherty41@last.fm,male,arctic armour,scion,cfaherty41,149,Nicaragua,100
146,147,Aveline,Sharper,asharper42@cornell.edu,male,animate weapon,scion,asharper42,102,Niger,47
147,148,Shirley,Baldacchino,sbaldacchino43@blogger.com,male,animate weapon,scion,sbaldacchino43,219,France,100
148,149,Mycah,Nowak,mnowak44@sitemeter.com,male,animate weapon,other,mnowak44,423,Indonesia,100
149,150,Bobbe,Cleynaert,bcleynaert45@bbb.org,male,barrage,scion,bcleynaert45,386,China,100
150,151,Florie,,flampl46@smh.com.au,male,arctic armour,other,fgrewer46,392,Philippines,100
151,152,Rosemaria,,rthaller47@reuters.com,male,barrage,other,rbarnaclough47,327,Indonesia,100
152,153,Chlo,,ccolleford48@dropbox.com,male,animate weapon,other,cnorthleigh48,401,Peru,100
153,154,Alvira,Heinig,aheinig49@seesaa.net,male,barrage,scion,aheinig49,142,Philippines,100
154,155,Maxy,Kinney,mkinney4a@netlog.com,male,barrage,other,mkinney4a,424,Indonesia,100
155,156,Amelie,,acasetti4b@dailymail.co.uk,male,barrage,other,amoynihan4b,403,China,100
156,157,Vilhelmina,Roadknight,vroadknight4c@ehow.com,male,barrage,scion,vroadknight4c,17,South Africa,11
157,158,Iris,Hankey,ihankey4d@hubpages.com,male,arctic armour,scion,ihankey4d,313,Argentina,100
158,159,Dierdre,Elan,delan4e@fotki.com,male,arctic armour,other,delan4e,325,Morocco,100
159,160,Dennie,,dgraftonherbert4f@deliciousdays.com,male,animate weapon,other,dscruby4f,89,China,66
160,161,Hailee,Finlaison,hfinlaison4g@fastcompany.com,male,animate weapon,scion,hfinlaison4g,190,Philippines,100
161,162,Bartholemy,Alenshev,balenshev4h@mail.ru,male,animate weapon,other,balenshev4h,322,Iran,100
162,163,Mariel,,mashurst4i@icio.us,male,barrage,scion,mkrystof4i,184,China,100
163,164,Chicky,Warlowe,cwarlowe4j@statcounter.com,male,animate weapon,other,cwarlowe4j,398,China,100
164,165,Mabelle,,mcotelard4k@51.la,male,barrage,other,mglavias4k,255,Czech Republic,100
165,166,Wendall,,wdacks4l@jiathis.com,male,barrage,other,wollenbuttel4l,301,Portugal,100
166,167,Herman,,hbrigdale4m@weibo.com,male,barrage,scion,helcy4m,90,Slovenia,67
167,168,Cam,,chellyer4n@about.com,male,animate weapon,scion,cnickless4n,328,Ukraine,100
168,169,Porter,,pbodocs4o@netlog.com,male,barrage,scion,ppetrozzi4o,246,China,100
169,170,Trenna,,tbownass4p@1und1.de,male,barrage,scion,tgherardini4p,186,Tunisia,100
170,171,Dmitri,,drosencrantz4q@istockphoto.com,male,barrage,scion,dbeckensall4q,223,Venezuela,100
171,172,Yoko,Allebone,yallebone4r@arizona.edu,male,animate weapon,scion,yallebone4r,365,Syria,100
172,173,Angelia,Lowndes,alowndes4s@paginegialle.it,male,animate weapon,scion,alowndes4s,162,Poland,100
173,174,Yale,Allabarton,yallabarton4t@list-manage.com,male,barrage,scion,yallabarton4t,272,Greece,100
174,175,Carlene,,camoore4u@bloomberg.com,male,animate weapon,other,cosorio4u,424,China,100
175,176,Antonella,,acote4v@behance.net,male,barrage,other,agreenalf4v,273,Pakistan,100
176,177,Joya,,jluna4w@example.com,male,barrage,scion,jbougen4w,116,China,48
177,178,Tamera,Danovich,tdanovich4x@yellowbook.com,male,barrage,other,tdanovich4x,50,Russia,58
178,179,Ford,Salkild,fsalkild4y@yellowpages.com,male,barrage,scion,fsalkild4y,251,China,100
179,180,,,gsidry4z@comsenz.com,male,barrage,scion,jtripean4z,135,Argentina,100
180,181,Lonni,,lcroke50@miibeian.gov.cn,male,arctic armour,scion,lpoulsum50,79,Indonesia,42
181,182,Alessandra,Reignard,areignard51@51.la,male,barrage,scion,areignard51,167,China,100
182,183,Ilka,Doggett,idoggett52@creativecommons.org,male,barrage,other,idoggett52,30,Pakistan,8
183,184,Alec,,abourdas53@goodreads.com,male,animate weapon,scion,aettles53,129,Brazil,100
184,185,Vilma,Pinkie,vpinkie54@reddit.com,male,animate weapon,other,vpinkie54,54,Argentina,29
185,186,,,krosin55@wikispaces.com,male,arctic armour,other,bblockley55,210,Canada,100
186,187,Nissy,Gleasane,ngleasane56@java.com,male,barrage,other,ngleasane56,66,Bulgaria,64
187,188,Giffie,Waryk,gwaryk57@google.ru,male,arctic armour,scion,gwaryk57,392,France,100
188,189,Sapphira,De Simoni,sdesimoni58@51.la,male,barrage,scion,sdesimoni58,310,Russia,100
189,190,Clo,Davenhall,cdavenhall59@aol.com,male,barrage,other,cdavenhall59,308,Poland,100
190,191,Terese,Ropkins,tropkins5a@chronoengine.com,male,arctic armour,scion,tropkins5a,22,Uganda,19
191,192,Annice,Schubart,aschubart5b@over-blog.com,male,animate weapon,other,aschubart5b,44,Germany,1
192,193,Madelle,McNickle,mmcnickle5c@comsenz.com,male,animate weapon,scion,mmcnickle5c,170,Portugal,100
193,194,Katherina,Angeau,kangeau5d@technorati.com,male,arctic armour,scion,kangeau5d,347,Greece,100
194,195,Hazlett,Deplacido,hdeplacido5e@yale.edu,male,barrage,scion,hdeplacido5e,401,Brazil,100
195,196,,,eandrioni5f@soup.io,male,arctic armour,other,nlovegrove5f,58,Portugal,27
196,197,Farand,Norsister,fnorsister5g@sohu.com,male,arctic armour,scion,fnorsister5g,316,China,100
197,198,Isaak,Emmott,iemmott5h@dagondesign.com,male,animate weapon,scion,iemmott5h,352,Indonesia,100
198,199,,Kneesha,okneesha5i@pen.io,male,arctic armour,other,skneesha5i,206,Czech Republic,100
199,200,Thorpe,Soonhouse,tsoonhouse5j@jimdo.com,male,arctic armour,other,tsoonhouse5j,397,Serbia,100
200,201,Zelma,De Pietri,zdepietri5k@fema.gov,male,animate weapon,scion,zdepietri5k,220,United States,100
201,202,Clarence,,ceggleton5l@ucoz.ru,male,barrage,scion,cticehurst5l,120,Indonesia,100
202,203,Joelle,,jskillanders5m@about.com,male,arctic armour,other,jdigiacomettino5m,7,Indonesia,8
203,204,,,sgiffon5n@skyrock.com,male,barrage,other,alinstead5n,285,Philippines,100
204,205,Pris,Greensitt,pgreensitt5o@last.fm,male,animate weapon,other,pgreensitt5o,191,Kenya,100
205,206,Aksel,,avaudre5p@ovh.net,male,animate weapon,other,ahamber5p,421,Vanuatu,100
206,207,Albertina,Seabourne,aseabourne5q@epa.gov,male,animate weapon,scion,aseabourne5q,362,Ukraine,100
207,208,Florenza,,flutton5r@ucla.edu,male,barrage,other,fharte5r,60,Czech Republic,53
208,209,Bank,,bwinnett5s@comcast.net,male,barrage,other,bmccorley5s,98,Bulgaria,42
209,210,Lilith,,lreedie5t@ehow.com,male,barrage,other,lviger5t,187,Colombia,100
210,211,Rourke,,rshewring5u@aboutads.info,male,arctic armour,other,rbraz5u,350,Russia,100
211,212,Evan,Saur,esaur5v@mit.edu,male,animate weapon,scion,esaur5v,161,Indonesia,100
212,213,Markos,,mfassmann5w@lulu.com,male,barrage,scion,mzambonini5w,266,China,100
213,214,Margaux,Feely,mfeely5x@msn.com,male,barrage,other,mfeely5x,398,Indonesia,100
214,215,Llewellyn,,lcecil5y@dedecms.com,male,arctic armour,scion,lbeaty5y,144,Russia,100
215,216,Cassius,Northcote,cnorthcote5z@lycos.com,male,barrage,other,cnorthcote5z,221,Sweden,100
216,217,Tisha,,tfotheringham60@webs.com,male,arctic armour,scion,tvallintine60,300,Hungary,100
217,218,Lauritz,,liacovuzzi61@yandex.ru,male,barrage,scion,lsedgemond61,20,Estonia,3
218,219,Abagael,,aewin62@upenn.edu,male,arctic armour,other,aisacq62,269,Sweden,100
219,220,Hogan,Dallyn,hdallyn63@apache.org,male,arctic armour,scion,hdallyn63,325,Portugal,100
220,221,Tyrone,Rickets,trickets64@imgur.com,male,animate weapon,scion,trickets64,118,Ireland,52
221,222,Corny,,cglenister65@sbwire.com,male,animate weapon,other,csummerill65,45,Sweden,25
222,223,Giraldo,Leist,gleist66@army.mil,male,arctic armour,scion,gleist66,285,Brazil,100
223,224,Eloise,Deathridge,edeathridge67@wiley.com,male,arctic armour,other,edeathridge67,405,Chad,100
224,225,Verile,,vtilberry68@photobucket.com,male,arctic armour,other,vransbury68,355,Mexico,100
225,226,,Seman,eseman69@newyorker.com,male,barrage,other,dseman69,259,Russia,100
226,227,Kahaleel,,kvescovo6a@imdb.com,male,arctic armour,other,kcristofolo6a,389,China,100
227,228,Gwenore,,gmacloughlin6b@skype.com,male,barrage,scion,gmaccarlich6b,220,China,100
228,229,Denni,,dkobpa6c@pinterest.com,male,barrage,other,dingleby6c,262,Myanmar,100
229,230,Egan,Prest,eprest6d@engadget.com,male,arctic armour,other,eprest6d,305,Portugal,100
230,231,Noelyn,Benedettini,nbenedettini6e@cocolog-nifty.com,male,animate weapon,scion,nbenedettini6e,80,Czech Republic,32
231,232,Dee,,dlodden6f@homestead.com,male,arctic armour,other,dternault6f,124,China,100
232,233,Neille,,nbreckenridge6g@ftc.gov,male,barrage,scion,nmurison6g,184,China,100
233,234,Korie,,kfarmloe6h@scribd.com,male,animate weapon,other,kstanyforth6h,349,Micronesia,100
234,235,Abdul,,aleahey6i@free.fr,male,barrage,other,agenery6i,142,New Caledonia,100
235,236,Pierce,Tinklin,ptinklin6j@netscape.com,male,barrage,scion,ptinklin6j,108,Indonesia,31
236,237,Upton,,ujeremiah6k@mayoclinic.com,male,arctic armour,scion,ulambis6k,140,China,100
237,238,Kristopher,,kcooch6l@nature.com,male,animate weapon,scion,kmartugin6l,172,Honduras,100
238,239,Jacob,,jcuphus6m@indiegogo.com,male,arctic armour,other,jmackowle6m,279,Russia,100
239,240,Jean,Groveham,jgroveham6n@mozilla.com,male,barrage,scion,jgroveham6n,13,Philippines,6
240,241,Anstice,Chaucer,achaucer6o@ihg.com,male,arctic armour,scion,achaucer6o,330,Netherlands,100
241,242,Felice,Bernholt,fbernholt6p@ihg.com,male,animate weapon,other,fbernholt6p,235,Luxembourg,100
242,243,James,Scarlan,jscarlan6q@phpbb.com,male,arctic armour,scion,jscarlan6q,307,Japan,100
243,244,,Newvell,hnewvell6r@ow.ly,male,barrage,scion,bnewvell6r,163,Indonesia,100
244,245,Fania,,fholbury6s@oaic.gov.au,male,animate weapon,other,fcrane6s,200,Indonesia,100
245,246,Kylie,,kdye6t@whitehouse.gov,male,barrage,scion,kwinchurst6t,202,China,100
246,247,,,jnutty6u@foxnews.com,male,barrage,scion,nbasire6u,1,China,21
247,248,Prentiss,,pnorbury6v@imdb.com,male,animate weapon,scion,pblodg6v,409,Russia,100
248,249,Rosamund,,rshillitto6w@soundcloud.com,male,barrage,other,rdenisevich6w,182,Bangladesh,100
249,250,Vergil,Lambird,vlambird6x@bravesites.com,male,barrage,other,vlambird6x,124,Denmark,100
250,251,Gabriel,Kleyn,gkleyn6y@hhs.gov,male,arctic armour,other,gkleyn6y,391,Finland,100
251,252,,Auton,lauton6z@sciencedirect.com,male,arctic armour,other,mauton6z,16,Portugal,11
252,253,Ahmad,Godmar,agodmar70@yellowbook.com,male,arctic armour,scion,agodmar70,58,Portugal,35
253,254,Marybeth,,mmelly71@apple.com,male,barrage,other,mmcquillan71,122,Argentina,100
254,255,Rutherford,Fanton,rfanton72@ebay.com,male,arctic armour,other,rfanton72,66,Philippines,46
255,256,Vick,Westney,vwestney73@yolasite.com,male,barrage,scion,vwestney73,140,France,100
256,257,Marieann,Villalta,mvillalta74@ehow.com,male,animate weapon,scion,mvillalta74,353,Brazil,100
257,258,Louis,Stockwell,lstockwell75@unc.edu,male,barrage,other,lstockwell75,292,China,100
258,259,Sybille,Ende,sende76@cam.ac.uk,male,animate weapon,scion,sende76,394,Brazil,100
259,260,Jens,Boadby,jboadby77@gnu.org,male,barrage,other,jboadby77,444,China,100
260,261,Sheba,Heenan,sheenan78@europa.eu,male,barrage,other,sheenan78,312,China,100
261,262,Felita,Dungay,fdungay79@techcrunch.com,male,arctic armour,other,fdungay79,89,China,32
262,263,Gerhardt,Tows,gtows7a@ocn.ne.jp,male,animate weapon,scion,gtows7a,349,Philippines,100
263,264,,Flintoft,kflintoft7b@yahoo.co.jp,male,arctic armour,scion,rflintoft7b,326,China,100
264,265,Gal,Izkovicz,gizkovicz7c@jalbum.net,male,arctic armour,scion,gizkovicz7c,212,China,100
265,266,Reine,,rframmingham7d@acquirethisname.com,male,barrage,scion,rtobias7d,36,Philippines,14
266,267,,,rwyper7e@g.co,male,arctic armour,scion,osicily7e,66,Greece,68
267,268,Niven,Opfer,nopfer7f@smugmug.com,male,barrage,scion,nopfer7f,299,France,100
268,269,,Gillan,kgillan7g@furl.net,male,arctic armour,other,jgillan7g,426,Russia,100
269,270,Janek,Semken,jsemken7h@narod.ru,male,barrage,scion,jsemken7h,20,Indonesia,13
270,271,Ber,,bmoscon7i@goo.ne.jp,male,barrage,scion,beates7i,300,Russia,100
271,272,Barn,Robison,brobison7j@hp.com,male,barrage,other,brobison7j,219,Russia,100
272,273,Domini,Luttger,dluttger7k@abc.net.au,male,animate weapon,other,dluttger7k,275,Indonesia,100
273,274,Deva,,dmeneur7l@aboutads.info,male,arctic armour,scion,dmcadam7l,333,South Korea,100
274,275,Garry,Deane,gdeane7m@cargocollective.com,male,animate weapon,scion,gdeane7m,2,Argentina,1
275,276,Perceval,,pblackaller7n@go.com,male,barrage,other,psackes7n,17,Sweden,16
276,277,Trumann,Codner,tcodner7o@pinterest.com,male,animate weapon,scion,tcodner7o,189,Peru,100
277,278,Rasia,Layfield,rlayfield7p@bbc.co.uk,male,animate weapon,scion,rlayfield7p,66,Denmark,70
278,279,Shoshana,Shenton,sshenton7q@thetimes.co.uk,male,barrage,scion,sshenton7q,61,Portugal,57
279,280,Ulrikaumeko,,usandhill7r@va.gov,male,barrage,scion,ubecke7r,431,Ethiopia,100
280,281,Courtney,Dana,cdana7s@cbc.ca,male,arctic armour,scion,cdana7s,448,Philippines,100
281,282,Patricio,Jehaes,pjehaes7t@exblog.jp,male,barrage,scion,pjehaes7t,331,China,100
282,283,Temp,Kramer,tkramer7u@va.gov,male,arctic armour,scion,tkramer7u,14,Colombia,22
283,284,,,ckeppel7v@nyu.edu,male,barrage,scion,adetoile7v,105,Bulgaria,51
284,285,Bendick,Linstead,blinstead7w@360.cn,male,barrage,scion,blinstead7w,392,South Korea,100
285,286,Anica,Loynton,aloynton7x@mlb.com,male,animate weapon,other,aloynton7x,287,Czech Republic,100
286,287,,Currm,acurrm7y@friendfeed.com,male,barrage,scion,kcurrm7y,387,Brazil,100
287,288,Amargo,Bullcock,abullcock7z@amazon.co.jp,male,barrage,scion,abullcock7z,358,Philippines,100
288,289,Dalenna,,dbransgrove80@washingtonpost.com,male,arctic armour,scion,dfolger80,259,Sudan,100
289,290,Rinaldo,,rcannaway81@gov.uk,male,arctic armour,other,rsaulter81,132,Indonesia,100
290,291,Jess,Gillow,jgillow82@jigsy.com,male,animate weapon,scion,jgillow82,277,Indonesia,100
291,292,Kelwin,,kdrew83@webnode.com,male,arctic armour,other,kwalisiak83,83,Philippines,42
292,293,Freddy,Maase,fmaase84@state.tx.us,male,barrage,other,fmaase84,363,Democratic Republic of the Congo,100
293,294,Edan,,edriuzzi85@istockphoto.com,male,animate weapon,scion,ehowton85,180,Russia,100
294,295,Byron,,bnorsister86@nature.com,male,barrage,scion,bspellesy86,414,Russia,100
295,296,Tedi,Riddlesden,triddlesden87@51.la,male,barrage,other,triddlesden87,421,Philippines,100
296,297,Kakalina,O'Kane,kokane88@booking.com,male,barrage,other,kokane88,346,Philippines,100
297,298,,Mccaull,amccaull89@pen.io,male,barrage,other,dmccaull89,281,Indonesia,100
298,299,Gretel,Meindl,gmeindl8a@state.tx.us,male,arctic armour,other,gmeindl8a,286,Indonesia,100
299,300,Winona,Ellerbeck,wellerbeck8b@soundcloud.com,male,barrage,scion,wellerbeck8b,381,Russia,100
300,301,Gannon,,gduprey8c@google.co.jp,male,animate weapon,scion,gmowling8c,169,Indonesia,100
301,302,Monroe,Gonzalvo,mgonzalvo8d@springer.com,male,barrage,other,mgonzalvo8d,364,Philippines,100
302,303,,Lipscomb,elipscomb8e@alibaba.com,male,arctic armour,other,mlipscomb8e,385,Colombia,100
303,304,Valentina,Knappen,vknappen8f@reverbnation.com,male,animate weapon,other,vknappen8f,47,China,12
304,305,Roderic,,rscarlin8g@narod.ru,male,barrage,other,rpozzo8g,186,China,100
305,306,Roberta,Breming,rbreming8h@washington.edu,male,arctic armour,other,rbreming8h,377,Russia,100
306,307,Vite,Guillot,vguillot8i@wikispaces.com,male,animate weapon,scion,vguillot8i,247,Ukraine,100
307,308,Eldin,Layson,elayson8j@europa.eu,male,animate weapon,other,elayson8j,227,Iran,100
308,309,Sydelle,,sdanzey8k@usda.gov,male,barrage,other,sskivington8k,367,Poland,100
309,310,Linc,,lmcguckin8l@mtv.com,male,animate weapon,scion,llouys8l,200,Sweden,100
310,311,Arri,,ahallitt8m@amazon.com,male,animate weapon,other,abenardette8m,111,China,51
311,312,Tonnie,Kerfod,tkerfod8n@senate.gov,male,barrage,other,tkerfod8n,115,China,59
312,313,Silvia,MacGettigen,smacgettigen8o@jiathis.com,male,animate weapon,other,smacgettigen8o,14,Indonesia,22
313,314,Clarance,Di Carlo,cdicarlo8p@technorati.com,male,barrage,other,cdicarlo8p,33,Canada,22
314,315,Bert,,bmays8q@opera.com,male,barrage,scion,battrie8q,31,Indonesia,3
315,316,Lorene,Blamey,lblamey8r@bravesites.com,male,barrage,other,lblamey8r,323,Portugal,100
316,317,Muffin,,madenet8s@smugmug.com,male,barrage,scion,maubin8s,62,Norway,52
317,318,Maddalena,Rooper,mrooper8t@census.gov,male,animate weapon,other,mrooper8t,140,Indonesia,100
318,319,Aristotle,Heymann,aheymann8u@booking.com,male,arctic armour,scion,aheymann8u,199,China,100
319,320,Elli,,eshuxsmith8v@1und1.de,male,animate weapon,scion,edisman8v,30,Iraq,9
320,321,Cammy,Scartifield,cscartifield8w@taobao.com,male,barrage,scion,cscartifield8w,209,Philippines,100
321,322,Yorke,Rathmell,yrathmell8x@paginegialle.it,male,arctic armour,other,yrathmell8x,212,Dominican Republic,100
322,323,Sally,Chapman,schapman8y@va.gov,male,barrage,scion,schapman8y,214,Russia,100
323,324,Nanine,Guppy,nguppy8z@cocolog-nifty.com,male,barrage,other,nguppy8z,383,Poland,100
324,325,Rycca,Gonoude,rgonoude90@squidoo.com,male,barrage,scion,rgonoude90,227,Brazil,100
325,326,Eolande,,efumagallo91@gravatar.com,male,arctic armour,other,efessby91,431,Israel,100
326,327,Anders,Rosle,arosle92@webeden.co.uk,male,barrage,other,arosle92,166,Kosovo,100
327,328,Aube,Carbin,acarbin93@sfgate.com,male,arctic armour,scion,acarbin93,414,France,100
328,329,Shellysheldon,,smennithorp94@techcrunch.com,male,barrage,scion,smerrison94,345,Slovenia,100
329,330,Conni,,cjacobowicz95@noaa.gov,male,barrage,scion,cbroadfield95,349,China,100
330,331,Klara,,kmagister96@howstuffworks.com,male,arctic armour,other,krussell96,129,Brazil,100
331,332,,,mreuble97@com.com,male,arctic armour,other,mjeyness97,251,Philippines,100
332,333,,,vfontanet98@yahoo.com,male,barrage,scion,hmates98,112,Ukraine,50
333,334,Aile,,aspinks99@umn.edu,male,arctic armour,other,afinlater99,202,Greece,100
334,335,Veriee,Voisey,vvoisey9a@creativecommons.org,male,barrage,other,vvoisey9a,99,Poland,50
335,336,Danella,,drising9b@netvibes.com,male,animate weapon,other,dyeardley9b,116,Sweden,32
336,337,Paddy,Gally,pgally9c@vinaora.com,male,barrage,other,pgally9c,260,Ivory Coast,100
337,338,Marylinda,Oxlee,moxlee9d@digg.com,male,barrage,scion,moxlee9d,133,China,100
338,339,Ondrea,,omulqueen9e@nymag.com,male,barrage,other,omillar9e,249,China,100
339,340,Errol,,eygoe9f@etsy.com,male,animate weapon,other,emagrannell9f,58,Jamaica,60
340,341,Swen,Webber,swebber9g@abc.net.au,male,barrage,scion,swebber9g,308,Russia,100
341,342,Morry,Sandcraft,msandcraft9h@issuu.com,male,animate weapon,scion,msandcraft9h,411,Albania,100
342,343,Gypsy,,gmein9i@nasa.gov,male,barrage,scion,gchumley9i,284,Brazil,100
343,344,Trudy,Burnett,tburnett9j@livejournal.com,male,arctic armour,scion,tburnett9j,115,Philippines,28
344,345,Pier,,phigford9k@a8.net,male,barrage,scion,pbeernaert9k,354,Russia,100
345,346,,Lorent,alorent9l@studiopress.com,male,barrage,scion,alorent9l,257,Portugal,100
346,347,Salomone,Sidlow,ssidlow9m@nbcnews.com,male,barrage,scion,ssidlow9m,30,China,20
347,348,Sarina,Byllam,sbyllam9n@abc.net.au,male,barrage,other,sbyllam9n,9,China,22
348,349,,Fetherstan,tfetherstan9o@wiley.com,male,barrage,other,afetherstan9o,411,Philippines,100
349,350,,Jellard,djellard9p@intel.com,male,barrage,scion,kjellard9p,97,Indonesia,65
350,351,Curr,Petegree,cpetegree9q@wp.com,male,barrage,scion,cpetegree9q,253,Brazil,100
351,352,Lamond,,liffe9r@state.tx.us,male,barrage,scion,llawtey9r,377,China,100
352,353,Chris,,cscading9s@linkedin.com,male,animate weapon,scion,cbroome9s,416,China,100
353,354,Ignacius,Blowing,iblowing9t@domainmarket.com,male,arctic armour,other,iblowing9t,34,China,17
354,355,Rhianna,,rrosten9u@com.com,male,barrage,other,rbrownscombe9u,372,Indonesia,100
355,356,Tallulah,Bog,tbog9v@cnbc.com,male,barrage,scion,tbog9v,49,Portugal,6
356,357,Marchall,,mrennebeck9w@mediafire.com,male,barrage,scion,mbatchan9w,242,Portugal,100
357,358,Ruggiero,,rbeche9x@printfriendly.com,male,barrage,other,rmathias9x,317,Finland,100
358,359,Gerrie,Wakerley,gwakerley9y@merriam-webster.com,male,barrage,other,gwakerley9y,247,Thailand,100
359,360,Whitaker,,wbonass9z@friendfeed.com,male,arctic armour,other,wlayburn9z,333,Czech Republic,100
360,361,Guillemette,Amies,gamiesa0@rambler.ru,male,arctic armour,other,gamiesa0,205,China,100
361,362,Elsie,Korneichuk,ekorneichuka1@ifeng.com,male,barrage,scion,ekorneichuka1,409,Japan,100
362,363,Luis,Dytham,ldythama2@craigslist.org,male,animate weapon,scion,ldythama2,362,Indonesia,100
363,364,Vitia,Ffrench,vffrencha3@bigcartel.com,male,barrage,scion,vffrencha3,82,Colombia,69
364,365,Curcio,,cburnsydea4@weibo.com,male,arctic armour,scion,ccompsona4,201,Indonesia,100
365,366,Carilyn,Bartke,cbartkea5@reddit.com,male,arctic armour,other,cbartkea5,424,China,100
366,367,,,shurlera6@shareasale.com,male,animate weapon,scion,smongana6,64,Indonesia,25
367,368,Paulo,,pdurbyna7@printfriendly.com,male,barrage,other,pjerdeina7,10,China,21
368,369,Janella,Reaper,jreapera8@qq.com,male,arctic armour,other,jreapera8,240,Argentina,100
369,370,Gregor,Wild,gwilda9@nps.gov,male,barrage,scion,gwilda9,284,Mongolia,100
370,371,Reeba,Barthorpe,rbarthorpeaa@irs.gov,male,barrage,scion,rbarthorpeaa,349,Sweden,100
371,372,Judye,Lawdham,jlawdhamab@biglobe.ne.jp,male,barrage,scion,jlawdhamab,241,Peru,100
372,373,Wright,,wcranshawac@prnewswire.com,male,barrage,other,wyurlovac,104,Venezuela,34
373,374,Calvin,Girdler,cgirdlerad@g.co,male,barrage,scion,cgirdlerad,109,Albania,61
374,375,Ameline,Durbridge,adurbridgeae@hao123.com,male,animate weapon,other,adurbridgeae,77,Indonesia,39
375,376,Land,Grahame,lgrahameaf@canalblog.com,male,arctic armour,scion,lgrahameaf,370,Russia,100
376,377,Waly,Rapo,wrapoag@yandex.ru,male,animate weapon,other,wrapoag,252,Philippines,100
377,378,Lionel,Kertess,lkertessah@vimeo.com,male,barrage,other,lkertessah,53,Brazil,32
378,379,Violette,Cheves,vchevesai@instagram.com,male,arctic armour,other,vchevesai,146,China,100
379,380,Emmit,,edurnoaj@apple.com,male,barrage,other,eskateaj,88,Russia,70
380,381,Manya,Trimbey,mtrimbeyak@forbes.com,male,barrage,other,mtrimbeyak,253,Ukraine,100
381,382,Edouard,,eleysal@domainmarket.com,male,barrage,scion,edurnallal,23,Brazil,25
382,383,Johna,Monaghan,jmonaghanam@marriott.com,male,arctic armour,scion,jmonaghanam,34,United States,12
383,384,Beatrisa,,bfarnorthan@hao123.com,male,animate weapon,other,bguerreroan,158,Syria,100
384,385,Maggy,,mmateescuao@yelp.com,male,animate weapon,scion,mjosefsonao,139,South Africa,100
385,386,Abigail,,akellickap@ustream.tv,male,barrage,scion,agingerap,56,Malta,64
386,387,Marylou,Samwyse,msamwyseaq@mlb.com,male,animate weapon,scion,msamwyseaq,259,China,100
387,388,Xaviera,Stowgill,xstowgillar@mayoclinic.com,male,barrage,scion,xstowgillar,54,China,48
388,389,Ashely,,adillingstoneas@sogou.com,male,animate weapon,other,aannakinas,406,United States,100
389,390,Melamie,Skipping,mskippingat@dailymail.co.uk,male,arctic armour,other,mskippingat,439,Egypt,100
390,391,Garvin,Ranscomb,granscombau@ft.com,male,animate weapon,other,granscombau,129,Vietnam,100
391,392,Arleta,Dallander,adallanderav@latimes.com,male,animate weapon,other,adallanderav,80,Albania,37
392,393,Freemon,Jamot,fjamotaw@nasa.gov,male,barrage,other,fjamotaw,233,Russia,100
393,394,Packston,,pbelliniax@nationalgeographic.com,male,animate weapon,other,pkenlinax,294,China,100
394,395,Benedetta,Espinal,bespinalay@china.com.cn,male,animate weapon,scion,bespinalay,416,Sweden,100
395,396,Natale,Saleway,nsalewayaz@who.int,male,barrage,other,nsalewayaz,393,Poland,100
396,397,Tannie,,thansberryb0@usa.gov,male,barrage,scion,telveyb0,27,Indonesia,11
397,398,Leeanne,,ltatloweb1@miitbeian.gov.cn,male,animate weapon,scion,lgisburneb1,220,Tunisia,100
398,399,Wildon,Savins,wsavinsb2@hubpages.com,male,animate weapon,scion,wsavinsb2,357,Uruguay,100
399,400,Carmine,,cabelesb3@about.me,male,barrage,scion,cgirodonb3,14,Greece,21
400,401,Ardelia,,apetrasb4@deliciousdays.com,male,barrage,scion,awiddocksb4,388,South Africa,100
401,402,Marlon,,mtschirascheb5@seattletimes.com,male,barrage,scion,mmedlingb5,26,Armenia,17
402,403,Joli,,jgerrieb6@ebay.com,male,animate weapon,scion,jhedworthb6,321,Philippines,100
403,404,Tiebout,O'Hollegan,toholleganb7@godaddy.com,male,arctic armour,scion,toholleganb7,303,Philippines,100
404,405,Ros,,rlesmondeb8@abc.net.au,male,barrage,other,rtebaldb8,94,China,39
405,406,Berte,,bcaughtb9@booking.com,male,barrage,other,bbrosinib9,139,Vietnam,100
406,407,Babita,Brushneen,bbrushneenba@netlog.com,male,barrage,other,bbrushneenba,335,Macedonia,100
407,408,Brina,Greendale,bgreendalebb@themeforest.net,male,barrage,scion,bgreendalebb,92,China,68
408,409,Cherilyn,Bracegirdle,cbracegirdlebc@marriott.com,male,barrage,other,cbracegirdlebc,355,Russia,100
409,410,Arabella,Pierrepont,apierrepontbd@gov.uk,male,arctic armour,scion,apierrepontbd,321,Philippines,100
410,411,Julian,Piecha,jpiechabe@naver.com,male,animate weapon,other,jpiechabe,338,Serbia,100
411,412,Garry,,gcutrissbf@newyorker.com,male,barrage,other,gjaggerbf,178,Portugal,100
412,413,,,cdowniebg@miibeian.gov.cn,male,barrage,scion,mflackebg,292,Belarus,100
413,414,Hynda,,hbevenbh@networksolutions.com,male,arctic armour,scion,hflickerbh,307,Nigeria,100
414,415,Hilario,,hgrahlmansbi@bloglovin.com,male,arctic armour,scion,hskermebi,365,Indonesia,100
415,416,Mercedes,Roylance,mroylancebj@printfriendly.com,male,animate weapon,scion,mroylancebj,47,Pakistan,17
416,417,,Oret,loretbk@com.com,male,arctic armour,scion,aoretbk,28,Guatemala,21
417,418,Petronille,Christoforou,pchristoforoubl@zimbio.com,male,arctic armour,other,pchristoforoubl,87,Paraguay,54
418,419,,Le-Good,nlegoodbm@yellowbook.com,male,barrage,scion,wlegoodbm,17,Netherlands,1
419,420,Raynell,Hanselmann,rhanselmannbn@marriott.com,male,animate weapon,scion,rhanselmannbn,296,Brazil,100
420,421,Camilla,,cshoemarkbo@timesonline.co.uk,male,barrage,other,croughleybo,374,Namibia,100
421,422,Jacinta,Broddle,jbroddlebp@networksolutions.com,male,barrage,other,jbroddlebp,351,Poland,100
422,423,,Angric,mangricbq@mozilla.org,male,barrage,other,kangricbq,96,Indonesia,48
423,424,Pammie,,pkalbererbr@fda.gov,male,animate weapon,scion,pmahmoodbr,366,Greece,100
424,425,Gallagher,Gomersall,ggomersallbs@ezinearticles.com,male,barrage,other,ggomersallbs,108,Philippines,36
425,426,,Hanshawe,ahanshawebt@vk.com,male,barrage,other,rhanshawebt,80,Chile,44
426,427,Ranna,Franseco,rfransecobu@nytimes.com,male,arctic armour,scion,rfransecobu,160,Philippines,100
427,428,Stormy,Jeenes,sjeenesbv@ebay.co.uk,male,animate weapon,scion,sjeenesbv,131,Argentina,100
428,429,Lucilia,Bill,lbillbw@ucla.edu,male,animate weapon,scion,lbillbw,34,Argentina,4
429,430,,Thickins,gthickinsbx@usnews.com,male,animate weapon,other,fthickinsbx,412,Indonesia,100
430,431,Corty,,cwewellby@spotify.com,male,animate weapon,other,ccageby,68,Portugal,55
431,432,Kermit,Kelling,kkellingbz@webnode.com,male,arctic armour,other,kkellingbz,81,Indonesia,54
432,433,Casar,Ironside,cironsidec0@hexun.com,male,barrage,scion,cironsidec0,131,Indonesia,100
433,434,Alf,,awalshc1@sogou.com,male,barrage,other,ajicklesc1,186,Greece,100
434,435,Pammie,Wyndham,pwyndhamc2@zimbio.com,male,animate weapon,scion,pwyndhamc2,282,Russia,100
435,436,,,mchalcroftc3@sakura.ne.jp,male,barrage,other,mlukeschc3,215,Russia,100
436,437,Algernon,,abirtlesc4@ed.gov,male,barrage,scion,aolliffec4,446,Russia,100
437,438,Rockie,Alejo,ralejoc5@mapy.cz,male,barrage,scion,ralejoc5,361,Philippines,100
438,439,,,gratledgec6@1688.com,male,arctic armour,scion,efalconerc6,192,Argentina,100
439,440,Leanor,,llednorc7@plala.or.jp,male,barrage,scion,lgreatbankc7,134,Greece,100
440,441,Sandro,Lovett,slovettc8@fc2.com,male,barrage,scion,slovettc8,183,Brazil,100
441,442,Domingo,Cottell,dcottellc9@booking.com,male,arctic armour,other,dcottellc9,173,Germany,100
442,443,Zackariah,Wrassell,zwrassellca@reverbnation.com,male,barrage,other,zwrassellca,322,China,100
443,444,Reggie,Backsal,rbacksalcb@etsy.com,male,barrage,other,rbacksalcb,213,China,100
444,445,Roxy,Denniston,rdennistoncc@soup.io,male,animate weapon,scion,rdennistoncc,436,China,100
445,446,,,aveverscd@merriam-webster.com,male,barrage,other,dhubbockcd,391,China,100
446,447,Leonard,,lcrosence@dion.ne.jp,male,animate weapon,scion,lkisbeece,155,China,100
447,448,Read,Stovin,rstovincf@istockphoto.com,male,arctic armour,other,rstovincf,41,Portugal,22
448,449,Willette,,wsizlandcg@twitpic.com,male,barrage,scion,wandreascg,393,Indonesia,100
449,450,Blanca,,bcopingch@independent.co.uk,male,barrage,other,bbewlych,148,China,100
450,451,Anetta,,amilwardci@google.co.jp,male,barrage,other,apopleyci,13,Indonesia,12
451,452,Aurlie,,asamsoncj@squidoo.com,male,animate weapon,other,astrathdeecj,230,Indonesia,100
452,453,Amalee,Marke,amarkeck@dropbox.com,male,animate weapon,scion,amarkeck,108,Canada,64
453,454,Doreen,,dmactrustramcl@berkeley.edu,male,barrage,other,dblacklercl,29,China,13
454,455,Karrie,McAusland,kmcauslandcm@discuz.net,male,animate weapon,scion,kmcauslandcm,403,Indonesia,100
455,456,Jacynth,Ridgedell,jridgedellcn@umn.edu,male,barrage,other,jridgedellcn,112,China,70
456,457,Richmond,Spurnier,rspurnierco@disqus.com,male,animate weapon,other,rspurnierco,111,France,35
457,458,Torrance,Triplow,ttriplowcp@umn.edu,male,arctic armour,scion,ttriplowcp,383,Indonesia,100
458,459,Drucy,,dmorloncq@about.com,male,animate weapon,scion,dpaschkecq,26,China,1
459,460,Tobiah,Jaffra,tjaffracr@pen.io,male,barrage,scion,tjaffracr,300,Thailand,100
460,461,,Dotson,udotsoncs@bizjournals.com,male,arctic armour,other,mdotsoncs,94,Honduras,67
461,462,Keeley,,kpettigreect@telegraph.co.uk,male,arctic armour,other,kbransdenct,161,Russia,100
462,463,Etan,Abbot,eabbotcu@bbb.org,male,animate weapon,other,eabbotcu,36,Venezuela,8
463,464,Rowland,Fiddiman,rfiddimancv@mlb.com,male,animate weapon,scion,rfiddimancv,321,Pakistan,100
464,465,Cloris,,cbarendtsencw@ow.ly,male,animate weapon,other,cnellcw,259,Russia,100
465,466,Lucia,Phelip,lphelipcx@ucoz.ru,male,animate weapon,scion,lphelipcx,109,Philippines,44
466,467,Eyde,Parlot,eparlotcy@berkeley.edu,male,barrage,other,eparlotcy,390,China,100
467,468,Bengt,Donohue,bdonohuecz@sun.com,male,barrage,other,bdonohuecz,296,Kenya,100
468,469,Koo,,kosmand0@amazonaws.com,male,barrage,scion,karmfirldd0,399,China,100
469,470,Patin,Mocher,pmocherd1@newsvine.com,male,arctic armour,scion,pmocherd1,65,Indonesia,56
470,471,Karleen,,kpawled2@apple.com,male,animate weapon,other,kmattockd2,142,China,100
471,472,Ivy,,ifreaked3@statcounter.com,male,animate weapon,other,ipoulneyd3,409,France,100
472,473,Maisey,,mgurryd4@tiny.cc,male,barrage,other,mlasseterd4,299,Russia,100
473,474,June,Whistance,jwhistanced5@indiatimes.com,male,animate weapon,scion,jwhistanced5,4,Russia,16
474,475,Fanny,Gillcrist,fgillcristd6@plala.or.jp,male,barrage,other,fgillcristd6,276,Philippines,100
475,476,Kareem,,ktomczynskid7@cyberchimps.com,male,animate weapon,other,klascelld7,144,Philippines,100
476,477,Dimitry,Hinchon,dhinchond8@ifeng.com,male,barrage,other,dhinchond8,215,Portugal,100
477,478,Gregg,,glitzmannd9@tinyurl.com,male,animate weapon,other,gcarniliand9,165,Philippines,100
478,479,Cassey,,cbestallda@mapquest.com,male,arctic armour,other,cgibbesonda,425,Pakistan,100
479,480,Sutton,,scancellariodb@china.com.cn,male,arctic armour,other,skeighleydb,175,Canada,100
480,481,Trix,Escudier,tescudierdc@archive.org,male,barrage,other,tescudierdc,49,Sweden,20
481,482,Betta,,barkowdd@de.vu,male,barrage,other,badamskydd,113,Poland,44
482,483,Cindra,Camings,ccamingsde@moonfruit.com,male,animate weapon,other,ccamingsde,176,Indonesia,100
483,484,Blaire,Kenen,bkenendf@oakley.com,male,barrage,other,bkenendf,275,Greece,100
484,485,Gregorius,Ambrus,gambrusdg@smugmug.com,male,barrage,scion,gambrusdg,119,China,50
485,486,Josi,Cornock,jcornockdh@mozilla.org,male,arctic armour,scion,jcornockdh,170,China,100
486,487,Curry,,ctremaynedi@apache.org,male,arctic armour,scion,cmcgowrandi,339,Sweden,100
487,488,Alvina,Whytock,awhytockdj@unicef.org,male,arctic armour,other,awhytockdj,430,Indonesia,100
488,489,Karia,MacGraith,kmacgraithdk@hostgator.com,male,arctic armour,scion,kmacgraithdk,233,Indonesia,100
489,490,,MacFayden,hmacfaydendl@discuz.net,male,barrage,other,fmacfaydendl,140,China,100
490,491,Ulrike,,ubilldm@arstechnica.com,male,barrage,scion,uyanshindm,71,Mexico,30
491,492,Bird,Cleaveland,bcleavelanddn@ibm.com,male,arctic armour,scion,bcleavelanddn,298,Spain,100
492,493,Hart,Bernardotti,hbernardottido@wordpress.com,male,arctic armour,scion,hbernardottido,84,Iran,63
493,494,Issie,Duligal,iduligaldp@squarespace.com,male,animate weapon,scion,iduligaldp,364,Russia,100
494,495,Therese,Thurlby,tthurlbydq@webs.com,male,animate weapon,scion,tthurlbydq,196,Indonesia,100
495,496,Patsy,Wyness,pwynessdr@ocn.ne.jp,male,arctic armour,scion,pwynessdr,318,Russia,100
496,497,Cherie,Sitlinton,csitlintonds@smugmug.com,male,barrage,other,csitlintonds,438,Sweden,100
497,498,,,fschimekdt@ft.com,male,animate weapon,other,cwewelldt,109,Colombia,37
498,499,Idelle,Djekovic,idjekovicdu@xing.com,male,barrage,other,idjekovicdu,407,United States,100
499,500,,Spanswick,hspanswickdv@berkeley.edu,male,barrage,other,cspanswickdv,398,Indonesia,100
500,501,Tod,,tmayoudw@stumbleupon.com,male,arctic armour,scion,tgraceydw,320,Colombia,100
501,502,Vi,Rawll,vrawlldx@hp.com,male,barrage,scion,vrawlldx,206,Indonesia,100
502,503,Janean,Leaves,jleavesdy@jigsy.com,male,barrage,other,jleavesdy,278,Peru,100
503,504,Paxton,Sparkes,psparkesdz@qq.com,male,barrage,other,psparkesdz,132,China,100
504,505,Jobi,Tackley,jtackleye0@salon.com,male,animate weapon,other,jtackleye0,429,Afghanistan,100
505,506,Clair,,cbrunkere1@globo.com,male,arctic armour,other,cmalshingere1,155,Netherlands,100
506,507,Laird,,lpollingtone2@gnu.org,male,arctic armour,other,lgullande2,253,Belarus,100
507,508,Papageno,,pmcgrathe3@scribd.com,male,barrage,other,pibotsone3,315,Chad,100
508,509,Gunar,,gjenceye4@nifty.com,male,barrage,scion,galldrede4,247,Israel,100
509,510,Gunther,Sailer,gsailere5@sciencedaily.com,male,barrage,scion,gsailere5,405,Portugal,100
510,511,Lyle,,lbrokenbrowe6@youtube.com,male,barrage,scion,lgerckene6,36,China,8
511,512,Amelia,Peartree,apeartreee7@tripadvisor.com,male,animate weapon,scion,apeartreee7,376,Sweden,100
512,513,Ninette,,npennere8@vimeo.com,male,barrage,other,ngrimsdalee8,319,Indonesia,100
513,514,Joey,Dean,jdeane9@joomla.org,male,barrage,scion,jdeane9,51,China,37
514,515,Guinevere,Skitteral,gskitteralea@army.mil,male,animate weapon,other,gskitteralea,78,Czech Republic,36
515,516,Euell,Admans,eadmanseb@timesonline.co.uk,male,arctic armour,other,eadmanseb,88,China,53
516,517,Efren,Goodbairn,egoodbairnec@paypal.com,male,barrage,scion,egoodbairnec,332,Argentina,100
517,518,Karl,,ksearbyed@dmoz.org,male,animate weapon,other,kthornbarrowed,297,Paraguay,100
518,519,Killy,,khacksbyee@storify.com,male,barrage,scion,kverrillsee,356,Russia,100
519,520,Guinevere,Lindfors,glindforsef@hibu.com,male,arctic armour,other,glindforsef,89,Russia,29
520,521,Sterne,,shabershaweg@spotify.com,male,animate weapon,scion,sshirtcliffeeg,231,Ukraine,100
521,522,Paul,,plavielleeh@kickstarter.com,male,barrage,other,pbecketeh,246,Indonesia,100
522,523,Pembroke,,pbrixeyei@miitbeian.gov.cn,male,animate weapon,scion,pgiraudouxei,196,Bhutan,100
523,524,Pierre,,ppealej@dagondesign.com,male,arctic armour,other,psmoothej,280,China,100
524,525,Shel,Soreau,ssoreauek@cmu.edu,male,arctic armour,other,ssoreauek,343,Russia,100
525,526,Vivian,,vhousbeyel@artisteer.com,male,arctic armour,other,vklimukel,269,Indonesia,100
526,527,Ardeen,,abentingem@biblegateway.com,male,barrage,other,amcginnisem,142,United States,100
527,528,Mariel,Martinon,mmartinonen@dagondesign.com,male,barrage,other,mmartinonen,146,Czech Republic,100
528,529,Siobhan,Minkin,sminkineo@telegraph.co.uk,male,barrage,other,sminkineo,318,Czech Republic,100
529,530,Larissa,Fennelly,lfennellyep@cyberchimps.com,male,barrage,scion,lfennellyep,329,China,100
530,531,Ase,Stoeckle,astoeckleeq@tumblr.com,male,barrage,scion,astoeckleeq,239,Malaysia,100
531,532,,Zorzutti,nzorzuttier@yahoo.com,male,arctic armour,other,kzorzuttier,29,China,6
532,533,Aridatha,Goss,agosses@dell.com,male,arctic armour,scion,agosses,48,Madagascar,4
533,534,Sauncho,,sovenellet@dailymail.co.uk,male,barrage,other,smacaket,6,China,23
534,535,,,tsealyeu@mayoclinic.com,male,barrage,scion,mbarbyeu,33,United States,20
535,536,Sheilakathryn,Measey,smeaseyev@bloglines.com,male,animate weapon,scion,smeaseyev,282,Guam,100
536,537,Willis,,wmapleew@csmonitor.com,male,barrage,scion,wharradew,47,China,19
537,538,Lucretia,,lcolumex@tmall.com,male,barrage,other,lboughenex,222,China,100
538,539,Carmine,,cmckeurtoney@geocities.jp,male,barrage,other,cjakabey,19,Japan,23
539,540,Brittni,Malin,bmalinez@freewebs.com,male,arctic armour,other,bmalinez,300,Brazil,100
540,541,Arty,,asouthcombef0@seattletimes.com,male,barrage,scion,aswiffanf0,5,Kyrgyzstan,4
541,542,,Lillo,dlillof1@oakley.com,male,arctic armour,other,slillof1,403,China,100
542,543,Danyette,Josefs,djosefsf2@w3.org,male,arctic armour,scion,djosefsf2,370,China,100
543,544,,Downes,vdownesf3@dailymotion.com,male,barrage,scion,mdownesf3,140,Kenya,100
544,545,Karoline,Arundale,karundalef4@thetimes.co.uk,male,barrage,other,karundalef4,238,South Georgia and the South Sandwich Islands,100
545,546,Holden,Wemyss,hwemyssf5@si.edu,male,barrage,scion,hwemyssf5,205,China,100
546,547,Lilian,,lgrasonf6@amazon.co.uk,male,barrage,other,lbennedsenf6,113,Ukraine,64
547,548,Neel,,nrennoldsf7@feedburner.com,male,barrage,scion,noutrightf7,325,Philippines,100
548,549,Normie,,ncormackf8@wiley.com,male,arctic armour,scion,nborlandf8,163,Brazil,100
549,550,Staci,,sbrisseauf9@shareasale.com,male,arctic armour,scion,sjinkinf9,28,Philippines,9
550,551,Natividad,,ngrisdalefa@huffingtonpost.com,male,barrage,other,nhaberghamfa,95,Philippines,61
551,552,Uri,Gras,ugrasfb@adobe.com,male,animate weapon,other,ugrasfb,347,Ivory Coast,100
552,553,Lesley,Rigby,lrigbyfc@ustream.tv,male,animate weapon,scion,lrigbyfc,406,Indonesia,100
553,554,Emalee,Sully,esullyfd@1und1.de,male,barrage,scion,esullyfd,277,United States,100
554,555,,,kechellefe@surveymonkey.com,male,arctic armour,scion,lhartwellfe,101,Colombia,29
555,556,,Aymes,jaymesff@about.com,male,barrage,scion,naymesff,251,Benin,100
556,557,Vanya,,vbriggefg@bbb.org,male,barrage,scion,vsimonassifg,394,Bangladesh,100
557,558,Vale,Simonsson,vsimonssonfh@quantcast.com,male,animate weapon,scion,vsimonssonfh,204,China,100
558,559,Harlan,,hkarpovfi@auda.org.au,male,animate weapon,other,hselbornefi,378,Greece,100
559,560,Axel,,askokoefj@github.com,male,animate weapon,scion,acobleyfj,347,Egypt,100
560,561,Osmund,McAvey,omcaveyfk@paginegialle.it,male,arctic armour,scion,omcaveyfk,404,Poland,100
561,562,Birgit,,bbardefl@mysql.com,male,barrage,scion,bbyhamfl,291,Indonesia,100
562,563,Tamas,,tstadenfm@blogger.com,male,barrage,other,tslaineyfm,232,China,100
563,564,Hort,Muldowney,hmuldowneyfn@storify.com,male,arctic armour,scion,hmuldowneyfn,111,France,34
564,565,Xylina,Bothe,xbothefo@timesonline.co.uk,male,barrage,other,xbothefo,33,Kazakhstan,5
565,566,Crystie,Graal,cgraalfp@vkontakte.ru,male,animate weapon,scion,cgraalfp,213,Nigeria,100
566,567,Aurora,Diviny,adivinyfq@tumblr.com,male,barrage,other,adivinyfq,302,Russia,100
567,568,Gerrilee,,gculletonfr@163.com,male,arctic armour,other,gperrotfr,153,China,100
568,569,Arin,Wegener,awegenerfs@arstechnica.com,male,arctic armour,other,awegenerfs,450,Sweden,100
569,570,Licha,,lmeeksft@seattletimes.com,male,barrage,other,lvancasselft,350,China,100
570,571,Herb,Meys,hmeysfu@cdbaby.com,male,barrage,scion,hmeysfu,222,Indonesia,100
571,572,,Aspinal,haspinalfv@php.net,male,animate weapon,other,laspinalfv,71,Sweden,34
572,573,Parke,McCree,pmccreefw@china.com.cn,male,barrage,other,pmccreefw,130,Djibouti,100
573,574,Marja,Grigolon,mgrigolonfx@discovery.com,male,arctic armour,scion,mgrigolonfx,297,East Timor,100
574,575,Petr,Sheirlaw,psheirlawfy@whitehouse.gov,male,arctic armour,scion,psheirlawfy,233,China,100
575,576,Kerrie,Mortell,kmortellfz@who.int,male,animate weapon,other,kmortellfz,75,China,33
576,577,Jobi,Missington,jmissingtong0@cafepress.com,male,animate weapon,other,jmissingtong0,71,Dominican Republic,67
577,578,Blinni,,bliepinsg1@huffingtonpost.com,male,arctic armour,scion,bsilversmidg1,321,Djibouti,100
578,579,Jacqueline,,jsempillg2@deliciousdays.com,male,arctic armour,other,jvalenssmithg2,123,Israel,100
579,580,Boonie,Noweak,bnoweakg3@lycos.com,male,animate weapon,other,bnoweakg3,308,Brazil,100
580,581,Scarface,,skondrachenkog4@mit.edu,male,barrage,scion,soruddeng4,127,Brazil,100
581,582,Allys,,alansberryg5@google.pl,male,animate weapon,other,aholberryg5,88,Indonesia,31
582,583,Elora,Sterke,esterkeg6@psu.edu,male,barrage,scion,esterkeg6,203,Thailand,100
583,584,Cathleen,Ineson,cinesong7@soundcloud.com,male,barrage,other,cinesong7,282,Indonesia,100
584,585,Granny,Thunnercliffe,gthunnercliffeg8@paypal.com,male,barrage,other,gthunnercliffeg8,229,Colombia,100
585,586,Cirillo,,cmattong9@clickbank.net,male,arctic armour,other,cthomblesong9,173,Brazil,100
586,587,Debby,Beekmann,dbeekmannga@soup.io,male,arctic armour,scion,dbeekmannga,403,Republic of the Congo,100
587,588,Eadie,,ebartlegb@arizona.edu,male,arctic armour,scion,eleborgnegb,284,China,100
588,589,,Defau,sdefaugc@alibaba.com,male,barrage,other,bdefaugc,165,Ethiopia,100
589,590,Naomi,Oswell,noswellgd@ucsd.edu,male,barrage,other,noswellgd,197,Peru,100
590,591,Wilie,Tisor,wtisorge@theatlantic.com,male,barrage,other,wtisorge,324,Indonesia,100
591,592,,Carden,wcardengf@addtoany.com,male,animate weapon,other,rcardengf,137,France,100
592,593,Elvina,McPaik,emcpaikgg@amazon.co.jp,male,animate weapon,scion,emcpaikgg,347,Poland,100
593,594,Carolee,Larwell,clarwellgh@devhub.com,male,arctic armour,scion,clarwellgh,22,Belize,22
594,595,Winnifred,,wmazellagi@ted.com,male,animate weapon,other,wjarnellgi,296,Indonesia,100
595,596,Reggie,Earwicker,rearwickergj@washingtonpost.com,male,barrage,scion,rearwickergj,279,Thailand,100
596,597,Noami,Slate,nslategk@disqus.com,male,animate weapon,scion,nslategk,184,United States,100
597,598,,,alenahangl@hatena.ne.jp,male,barrage,scion,tcarsberggl,273,Philippines,100
598,599,Mufi,,mkusickgm@archive.org,male,animate weapon,scion,mthandigm,99,Portugal,59
599,600,Malanie,Bignall,mbignallgn@mayoclinic.com,male,animate weapon,scion,mbignallgn,256,Ecuador,100
600,601,Franny,Dunk,fdunkgo@icio.us,male,arctic armour,scion,fdunkgo,245,Brazil,100
601,602,Gabi,Franzoli,gfranzoligp@answers.com,male,arctic armour,other,gfranzoligp,427,Vietnam,100
602,603,Roldan,Bodiam,rbodiamgq@vinaora.com,male,barrage,scion,rbodiamgq,23,China,23
603,604,Corey,,csonegr@msn.com,male,barrage,other,croddagr,396,United States,100
604,605,Joanie,,jdagostinogs@feedburner.com,male,barrage,scion,jboiggs,210,Philippines,100
605,606,,,etiernangt@google.es,male,arctic armour,other,hcancellariogt,137,China,100
606,607,,,gkhristyukhingu@networksolutions.com,male,barrage,scion,jschimanngu,81,France,43
607,608,Grenville,Marqyes,gmarqyesgv@myspace.com,male,barrage,scion,gmarqyesgv,58,Poland,59
608,609,Manny,,mhauchgw@economist.com,male,arctic armour,other,mransteadgw,354,Ghana,100
609,610,Angele,Danihelka,adanihelkagx@accuweather.com,male,barrage,scion,adanihelkagx,108,Indonesia,52
610,611,,,nvennersgy@shinystat.com,male,arctic armour,other,fshawcroftgy,100,Finland,27
611,612,,Collisson,acollissongz@baidu.com,male,barrage,scion,gcollissongz,313,Japan,100
612,613,,,fdavidovicih0@home.pl,male,barrage,scion,vburnsh0,126,Russia,100
613,614,Bat,Maharey,bmahareyh1@examiner.com,male,animate weapon,scion,bmahareyh1,345,China,100
614,615,Augustine,,apoorh2@mail.ru,male,barrage,other,adobinsonh2,357,Indonesia,100
615,616,Amalea,,agoscombh3@scribd.com,male,arctic armour,other,asatchelh3,408,Namibia,100
616,617,Persis,Sheringham,psheringhamh4@github.io,male,barrage,scion,psheringhamh4,75,Palestinian Territory,33
617,618,Hymie,Ridd,hriddh5@geocities.jp,male,barrage,other,hriddh5,393,Indonesia,100
618,619,,,ldowneyh6@usa.gov,male,animate weapon,scion,rstuttardh6,167,Azerbaijan,100
619,620,Vassili,Paynes,vpaynesh7@dion.ne.jp,male,animate weapon,other,vpaynesh7,293,Portugal,100
620,621,,,swoollamh8@sphinn.com,male,barrage,scion,stolanh8,428,South Africa,100
621,622,Winnie,,wkhilkovh9@army.mil,male,arctic armour,scion,whullyerh9,360,Czech Republic,100
622,623,Laurel,Molohan,lmolohanha@e-recht24.de,male,animate weapon,other,lmolohanha,116,Finland,32
623,624,Avie,Rawlcliffe,arawlcliffehb@senate.gov,male,arctic armour,scion,arawlcliffehb,112,Niger,48
624,625,,,rmcinteerhc@netlog.com,male,barrage,scion,aarnaudinhc,385,Russia,100
625,626,Rinaldo,Stockport,rstockporthd@furl.net,male,barrage,other,rstockporthd,11,Indonesia,16
626,627,Gypsy,Bakewell,gbakewellhe@liveinternet.ru,male,arctic armour,scion,gbakewellhe,243,China,100
627,628,Tonia,,tdagworthyhf@ibm.com,male,arctic armour,scion,tdaenenhf,246,Peru,100
628,629,Regan,,rjersonhg@hp.com,male,animate weapon,other,rbrunninghg,21,Netherlands,25
629,630,Zitella,Potes,zpoteshh@ca.gov,male,barrage,other,zpoteshh,368,Czech Republic,100
630,631,Alicea,Duddan,aduddanhi@cbslocal.com,male,animate weapon,other,aduddanhi,190,Armenia,100
631,632,Even,Isgate,eisgatehj@opera.com,male,barrage,other,eisgatehj,182,Philippines,100
632,633,Vinson,,vkleebornhk@msu.edu,male,animate weapon,other,vkerrhk,390,Russia,100
633,634,Teressa,Keepin,tkeepinhl@hao123.com,male,animate weapon,other,tkeepinhl,32,Kazakhstan,2
634,635,Sauveur,,sgregerhm@exblog.jp,male,barrage,scion,saguirrehm,242,Czech Republic,100
635,636,Daniella,,ddourishn@wikipedia.org,male,arctic armour,other,dlowdenhn,80,Greece,31
636,637,Broddie,,bdobleho@ibm.com,male,barrage,scion,bedbrookeho,291,Bosnia and Herzegovina,100
637,638,Elisabetta,Ledrun,eledrunhp@unesco.org,male,arctic armour,other,eledrunhp,227,Russia,100
638,639,Alyss,Arnoldi,aarnoldihq@joomla.org,male,animate weapon,other,aarnoldihq,325,Argentina,100
639,640,West,,wivshinhr@arstechnica.com,male,animate weapon,other,wsenthr,141,Sweden,100
640,641,Piper,Macer,pmacerhs@craigslist.org,male,arctic armour,scion,pmacerhs,288,China,100
641,642,Madelle,,myorstonht@1688.com,male,barrage,other,mgiraudoht,284,Philippines,100
642,643,Josh,Blight,jblighthu@wiley.com,male,arctic armour,other,jblighthu,380,Azerbaijan,100
643,644,,,jhaughhv@wikispaces.com,male,animate weapon,other,nroselhv,215,Japan,100
644,645,Northrop,Couves,ncouveshw@simplemachines.org,male,barrage,other,ncouveshw,290,Mauritania,100
645,646,Perle,Georges,pgeorgeshx@bing.com,male,barrage,scion,pgeorgeshx,225,Indonesia,100
646,647,Korey,Girdler,kgirdlerhy@digg.com,male,barrage,other,kgirdlerhy,172,Ireland,100
647,648,Eveline,,eblagbroughhz@imgur.com,male,animate weapon,scion,edyterhz,393,Latvia,100
648,649,Wake,,wfassei0@cbsnews.com,male,barrage,scion,wgainsfordi0,428,Portugal,100
649,650,Emanuel,McNeely,emcneelyi1@bigcartel.com,male,barrage,scion,emcneelyi1,335,Indonesia,100
650,651,Devondra,,dtomasicchioi2@rambler.ru,male,arctic armour,other,dgregorei2,47,Cameroon,12
651,652,Gussie,Braker,gbrakeri3@opera.com,male,barrage,other,gbrakeri3,163,Lithuania,100
652,653,Casar,Bazell,cbazelli4@marketwatch.com,male,animate weapon,other,cbazelli4,179,Indonesia,100
653,654,Conrad,,ckohringi5@un.org,male,animate weapon,other,ccarmei5,400,Argentina,100
654,655,,,dkinneiri6@ucoz.com,male,arctic armour,other,hlightbourni6,391,Portugal,100
655,656,Maribelle,,mlavignei7@tinyurl.com,male,barrage,other,mchiversi7,297,China,100
656,657,Ford,,fschildi8@symantec.com,male,barrage,scion,fgilburti8,191,Russia,100
657,658,Anallese,Coltart,acoltarti9@booking.com,male,barrage,scion,acoltarti9,438,Jordan,100
658,659,Shirlene,,sbaxendaleia@fastcompany.com,male,animate weapon,other,slarratia,100,Netherlands,59
659,660,Marius,Oades,moadesib@mayoclinic.com,male,arctic armour,other,moadesib,448,Nigeria,100
660,661,Zsazsa,,zwiggingtonic@canalblog.com,male,animate weapon,other,zryeic,298,China,100
661,662,,,vstaubynid@pinterest.com,male,barrage,other,gkeighlyid,72,Sierra Leone,55
662,663,Jaquelyn,Reagan,jreaganie@auda.org.au,male,arctic armour,scion,jreaganie,222,Brazil,100
663,664,Belia,Pountney,bpountneyif@spotify.com,male,barrage,other,bpountneyif,100,Indonesia,37
664,665,Deanna,,dhasleyig@sciencedaily.com,male,barrage,other,dluckeyig,117,China,37
665,666,Cyrille,Ickovic,cickovicih@alibaba.com,male,barrage,scion,cickovicih,299,China,100
666,667,Granny,,gacockii@yellowbook.com,male,arctic armour,other,gbroaderii,404,Russia,100
667,668,Noble,Nerval,nnervalij@netlog.com,male,animate weapon,scion,nnervalij,382,Serbia,100
668,669,Zandra,Kordas,zkordasik@tmall.com,male,barrage,scion,zkordasik,418,Czech Republic,100
669,670,Ingram,Oaten,ioatenil@vinaora.com,male,animate weapon,scion,ioatenil,290,Nigeria,100
670,671,Raina,Lampett,rlampettim@cyberchimps.com,male,arctic armour,scion,rlampettim,260,Indonesia,100
671,672,Leonie,,lbezarrain@china.com.cn,male,barrage,other,lnutbrownin,56,Ukraine,52
672,673,Lauretta,,lgrogerio@smugmug.com,male,barrage,other,llearmonthio,175,Indonesia,100
673,674,Brig,Sydes,bsydesip@nbcnews.com,male,barrage,scion,bsydesip,160,Zimbabwe,100
674,675,Marc,Elstow,melstowiq@instagram.com,male,barrage,scion,melstowiq,94,Macedonia,66
675,676,Isabel,,imelvinir@webmd.com,male,animate weapon,scion,ilengletir,115,China,28
676,677,,Hantusch,ahantuschis@usatoday.com,male,animate weapon,scion,ahantuschis,116,China,29
677,678,Benetta,Barstock,bbarstockit@reference.com,male,barrage,scion,bbarstockit,410,Philippines,100
678,679,Agathe,MacCawley,amaccawleyiu@list-manage.com,male,arctic armour,scion,amaccawleyiu,329,United States,100
679,680,Inga,,ideverilleiv@oracle.com,male,barrage,other,iretallackiv,439,Greece,100
680,681,Emlynne,Wilcock,ewilcockiw@indiatimes.com,male,barrage,other,ewilcockiw,209,Indonesia,100
681,682,Silvanus,Atkin,satkinix@sun.com,male,animate weapon,scion,satkinix,157,Honduras,100
682,683,Sara-ann,Ixer,sixeriy@furl.net,male,barrage,scion,sixeriy,242,Indonesia,100
683,684,Jaquenetta,Kaaskooper,jkaaskooperiz@barnesandnoble.com,male,barrage,scion,jkaaskooperiz,422,Sweden,100
684,685,Kim,Smeeton,ksmeetonj0@jalbum.net,male,arctic armour,other,ksmeetonj0,347,United States,100
685,686,Brantley,Probetts,bprobettsj1@washington.edu,male,barrage,other,bprobettsj1,376,Poland,100
686,687,Doralin,,dkohnekej2@ibm.com,male,barrage,scion,djarmanj2,72,Peru,28
687,688,,Callaghan,acallaghanj3@4shared.com,male,animate weapon,other,scallaghanj3,278,China,100
688,689,Myrilla,,mmcfeej4@liveinternet.ru,male,barrage,other,mgraystonj4,312,China,100
689,690,,Vokins,cvokinsj5@etsy.com,male,barrage,other,lvokinsj5,217,New Zealand,100
690,691,Joice,,jlautiej6@myspace.com,male,barrage,scion,jhearnesj6,63,Brazil,42
691,692,Paulita,,pgamettj7@sbwire.com,male,animate weapon,scion,pgoodanewj7,126,China,100
692,693,Allsun,,averrechiaj8@biglobe.ne.jp,male,animate weapon,scion,adallicoatj8,332,Venezuela,100
693,694,Beatrix,,bmacnellyj9@smugmug.com,male,animate weapon,other,bhargrovesj9,224,Mexico,100
694,695,Joella,Lucken,jluckenja@behance.net,male,barrage,scion,jluckenja,206,Sri Lanka,100
695,696,Felicio,,fallewayjb@zimbio.com,male,barrage,scion,fpietrasikjb,311,Philippines,100
696,697,Arabelle,Lawdham,alawdhamjc@upenn.edu,male,barrage,scion,alawdhamjc,379,Russia,100
697,698,Caesar,Guihen,cguihenjd@mediafire.com,male,barrage,other,cguihenjd,323,China,100
698,699,Brande,Fatscher,bfatscherje@wikispaces.com,male,barrage,scion,bfatscherje,226,Palestinian Territory,100
699,700,Cory,,cgoldenofirelandjf@tuttocitta.it,male,animate weapon,other,cjustjf,201,Cyprus,100
700,701,Lizzie,,lghirigorijg@nature.com,male,barrage,scion,lsolomonidesjg,157,Ukraine,100
701,702,Roselin,,rlilburnjh@diigo.com,male,animate weapon,other,rskaifedingerthorpejh,151,Chile,100
702,703,,,bborgeji@cocolog-nifty.com,male,arctic armour,other,nheavenji,220,China,100
703,704,Erek,,efleckneyjj@upenn.edu,male,arctic armour,other,elumsdalljj,154,Philippines,100
704,705,Pierce,Clemo,pclemojk@angelfire.com,male,barrage,scion,pclemojk,420,Czech Republic,100
705,706,Guthrie,Romans,gromansjl@pcworld.com,male,animate weapon,scion,gromansjl,288,South Africa,100
706,707,Jodie,,jfinchjm@unesco.org,male,arctic armour,other,jallcockjm,195,Indonesia,100
707,708,,,olefevrejn@wsj.com,male,barrage,scion,frobkejn,264,Vietnam,100
708,709,Harry,Lissandri,hlissandrijo@networksolutions.com,male,barrage,other,hlissandrijo,60,Tajikistan,68
709,710,Keane,,keassebyjp@si.edu,male,barrage,scion,killistonjp,441,Russia,100
710,711,,Kaman,vkamanjq@canalblog.com,male,barrage,other,mkamanjq,91,Greece,68
711,712,Gordy,Eglinton,geglintonjr@barnesandnoble.com,male,arctic armour,other,geglintonjr,333,Czech Republic,100
712,713,Des,Paddeley,dpaddeleyjs@arstechnica.com,male,barrage,other,dpaddeleyjs,177,Canada,100
713,714,Ronnica,,rreascejt@woothemes.com,male,barrage,other,rlanferejt,371,China,100
714,715,Rowe,,rgoneyju@mayoclinic.com,male,arctic armour,other,rdinegesju,68,Tanzania,54
715,716,,Capron,ccapronjv@creativecommons.org,male,barrage,scion,ccapronjv,356,United States,100
716,717,,,ltempertonjw@squarespace.com,male,barrage,scion,mstoppsjw,361,Yemen,100
717,718,Vernice,Luten,vlutenjx@ed.gov,male,barrage,other,vlutenjx,62,Mexico,41
718,719,Fairlie,,frobusjy@google.de,male,arctic armour,other,fcranstonejy,284,Finland,100
719,720,Gray,,gdoughartyjz@cargocollective.com,male,arctic armour,other,ghecknerjz,345,Indonesia,100
720,721,Cletus,Andryunin,candryunink0@flickr.com,male,animate weapon,scion,candryunink0,48,Kuwait,20
721,722,Marrissa,Beetlestone,mbeetlestonek1@nsw.gov.au,male,animate weapon,other,mbeetlestonek1,406,Russia,100
722,723,Myrilla,Babbs,mbabbsk2@sourceforge.net,male,barrage,scion,mbabbsk2,363,China,100
723,724,Taylor,Kingzett,tkingzettk3@foxnews.com,male,arctic armour,other,tkingzettk3,86,South Africa,36
724,725,Deloria,,dgroucuttk4@china.com.cn,male,animate weapon,other,driggollk4,82,Netherlands,26
725,726,,,cridouttk5@nydailynews.com,male,arctic armour,scion,atorresk5,344,Philippines,100
726,727,Nat,,nlanferk6@blogs.com,male,animate weapon,other,nhowsek6,393,Croatia,100
727,728,Joseito,,joehmk7@amazon.de,male,barrage,other,jcrosskellk7,424,Indonesia,100
728,729,Cosette,,cmcchesneyk8@addtoany.com,male,barrage,scion,ccowlamk8,439,Portugal,100
729,730,Torey,,tgaraghank9@nyu.edu,male,barrage,other,tecclesk9,186,Japan,100
730,731,Cristiano,Grabeham,cgrabehamka@harvard.edu,male,barrage,scion,cgrabehamka,185,Marshall Islands,100
731,732,Wang,,wpriggkb@homestead.com,male,animate weapon,other,wcuffinkb,376,Brazil,100
732,733,Antonino,Sussems,asussemskc@indiatimes.com,male,barrage,scion,asussemskc,80,China,49
733,734,Khalil,Grzeszczak,kgrzeszczakkd@blogtalkradio.com,male,barrage,scion,kgrzeszczakkd,377,China,100
734,735,Petronia,,psoffeke@wsj.com,male,barrage,scion,pbradmanke,217,Sweden,100
735,736,Almeda,Sysland,asyslandkf@cafepress.com,male,barrage,scion,asyslandkf,310,China,100
736,737,Nancey,,nwoodlandkg@yellowpages.com,male,barrage,scion,nbearnekg,337,South Sudan,100
737,738,Crystie,Pre,cprekh@youtube.com,male,animate weapon,other,cprekh,390,Senegal,100
738,739,Ariela,Slaght,aslaghtki@ning.com,male,arctic armour,other,aslaghtki,394,Philippines,100
739,740,Marcus,,mfoxcroftkj@smh.com.au,male,arctic armour,other,mczadlakj,261,Portugal,100
740,741,Tuckie,Jefferies,tjefferieskk@xrea.com,male,barrage,other,tjefferieskk,233,France,100
741,742,Valle,Gatiss,vgatisskl@jimdo.com,male,animate weapon,other,vgatisskl,12,Portugal,15
742,743,Kellen,,kvenesskm@state.gov,male,barrage,other,kdelamarkm,296,Indonesia,100
743,744,Prisca,Ivanyutin,pivanyutinkn@thetimes.co.uk,male,barrage,scion,pivanyutinkn,243,France,100
744,745,Marten,,mgrinawayko@qq.com,male,barrage,other,mandellko,283,Poland,100
745,746,Orbadiah,,ohollerinkp@skype.com,male,animate weapon,scion,odeancywilliskp,86,Peru,63
746,747,Linzy,,lterbrugkq@springer.com,male,barrage,other,lspatarokq,417,Japan,100
747,748,Cam,Kosel,ckoselkr@youku.com,male,animate weapon,scion,ckoselkr,435,Ukraine,100
748,749,Dalila,Martinez,dmartinezks@springer.com,male,barrage,scion,dmartinezks,224,Indonesia,100
749,750,Darline,,dhornigkt@ustream.tv,male,animate weapon,other,ddavidovkt,246,Philippines,100
750,751,Hermon,Maginn,hmaginnku@wix.com,male,arctic armour,scion,hmaginnku,51,China,52
751,752,Wilburt,Godsell,wgodsellkv@elpais.com,male,animate weapon,other,wgodsellkv,52,China,61
752,753,Vincent,Choffin,vchoffinkw@columbia.edu,male,arctic armour,scion,vchoffinkw,390,Kenya,100
753,754,Clerissa,Clinch,cclinchkx@ustream.tv,male,barrage,scion,cclinchkx,193,Portugal,100
754,755,Demetra,Lulham,dlulhamky@soup.io,male,arctic armour,scion,dlulhamky,336,Kenya,100
755,756,,,gpenrightkz@imageshack.us,male,barrage,other,nlenoxkz,323,Ukraine,100
756,757,Cherilynn,Steinham,csteinhaml0@wikimedia.org,male,animate weapon,other,csteinhaml0,78,Indonesia,64
757,758,Brear,,bhenworthl1@php.net,male,animate weapon,other,btweedelll1,163,Mexico,100
758,759,Izabel,MacCahey,imaccaheyl2@hostgator.com,male,barrage,other,imaccaheyl2,123,Peru,100
759,760,Daffi,Puleston,dpulestonl3@netlog.com,male,barrage,scion,dpulestonl3,256,Japan,100
760,761,Spence,,sianittellol4@dyndns.org,male,barrage,other,shardistryl4,105,Russia,63
761,762,Mercy,Cisneros,mcisnerosl5@howstuffworks.com,male,arctic armour,scion,mcisnerosl5,64,Indonesia,64
762,763,Theadora,Renzullo,trenzullol6@google.nl,male,barrage,other,trenzullol6,275,Indonesia,100
763,764,Monti,Franek,mfranekl7@nih.gov,male,barrage,other,mfranekl7,371,Afghanistan,100
764,765,Kary,,krudmanl8@symantec.com,male,barrage,other,kdenyl8,131,China,100
765,766,Christophorus,,cyakebovichl9@studiopress.com,male,animate weapon,scion,cpippinl9,79,Indonesia,66
766,767,Kerrie,Turbitt,kturbittla@dailymotion.com,male,barrage,scion,kturbittla,236,Indonesia,100
767,768,Magnum,,mbleaselb@sciencedirect.com,male,barrage,scion,mmuresslb,179,Russia,100
768,769,Ertha,Cammocke,ecammockelc@qq.com,male,arctic armour,other,ecammockelc,343,Nigeria,100
769,770,Debra,,dmodenld@netscape.com,male,arctic armour,scion,dbeachampld,125,Brazil,100
770,771,Rosie,,rgledstanele@google.com,male,arctic armour,scion,rtomsle,185,Japan,100
771,772,Gunter,,gbysakerlf@seesaa.net,male,animate weapon,scion,gdebrokelf,246,Morocco,100
772,773,Francisca,Daddow,fdaddowlg@wikispaces.com,male,animate weapon,scion,fdaddowlg,159,Philippines,100
773,774,Ludovika,Whitley,lwhitleylh@aol.com,male,barrage,other,lwhitleylh,250,Armenia,100
774,775,Bradly,,bharrymanli@tripod.com,male,animate weapon,other,bcosensli,134,China,100
775,776,Adolphus,Feveryear,afeveryearlj@eventbrite.com,male,barrage,scion,afeveryearlj,191,China,100
776,777,Aidan,Redholes,aredholeslk@ebay.co.uk,male,barrage,other,aredholeslk,24,Sweden,21
777,778,Giacopo,,gkynvinll@lycos.com,male,arctic armour,scion,gskedgell,203,Cameroon,100
778,779,Jesselyn,,jstruttonlm@xinhuanet.com,male,barrage,scion,jrowselllm,153,Indonesia,100
779,780,,,mstruijsln@hao123.com,male,arctic armour,scion,apunshonln,182,Japan,100
780,781,Ricard,,rcooganlo@smugmug.com,male,animate weapon,scion,rsoanlo,127,China,100
781,782,Jorie,,jaddslp@ameblo.jp,male,barrage,other,jdumingolp,238,Argentina,100
782,783,Obadiah,Clamo,oclamolq@harvard.edu,male,barrage,other,oclamolq,301,Russia,100
783,784,Vassili,Gerardin,vgerardinlr@amazon.de,male,animate weapon,scion,vgerardinlr,143,Portugal,100
784,785,Karl,,kmunkleyls@icio.us,male,barrage,other,kshowlerls,57,Uganda,29
785,786,Lorianna,De Vile,ldevilelt@chronoengine.com,male,arctic armour,scion,ldevilelt,145,Portugal,100
786,787,Moses,Whanstall,mwhanstalllu@dot.gov,male,animate weapon,other,mwhanstalllu,248,China,100
787,788,Andres,Lunam,alunamlv@google.cn,male,barrage,other,alunamlv,256,France,100
788,789,Vick,Ingerfield,vingerfieldlw@domainmarket.com,male,arctic armour,scion,vingerfieldlw,52,Serbia,36
789,790,Kai,Sankey,ksankeylx@acquirethisname.com,male,barrage,other,ksankeylx,131,Norway,100
790,791,Alyosha,Marusik,amarusikly@state.tx.us,male,arctic armour,other,amarusikly,373,China,100
791,792,Ashleigh,Pavey,apaveylz@cbsnews.com,male,barrage,other,apaveylz,438,Brazil,100
792,793,Jesus,McDougle,jmcdouglem0@cargocollective.com,male,barrage,other,jmcdouglem0,229,Indonesia,100
793,794,Jed,Mc Pake,jmcpakem1@cdc.gov,male,arctic armour,scion,jmcpakem1,13,Comoros,7
794,795,,,thazleym2@mozilla.com,male,barrage,scion,hstansbym2,293,China,100
795,796,Jonie,,jfusedalem3@myspace.com,male,arctic armour,other,jeudallm3,275,Indonesia,100
796,797,,,bglantonm4@altervista.org,male,arctic armour,other,bfairpom4,225,China,100
797,798,Gerta,,gmerrinm5@dyndns.org,male,barrage,other,gviolletm5,78,Ukraine,54
798,799,Anatol,,akippinm6@deliciousdays.com,male,arctic armour,scion,aedesonm6,121,Czech Republic,100
799,800,Allison,Mor,amorm7@apple.com,male,animate weapon,other,amorm7,325,China,100
800,801,Thorpe,Dunkerly,tdunkerlym8@bing.com,male,arctic armour,scion,tdunkerlym8,271,Egypt,100
801,802,Elisabetta,Chelnam,echelnamm9@lulu.com,male,barrage,other,echelnamm9,243,Laos,100
802,803,Virgie,,vfawdryma@miitbeian.gov.cn,male,arctic armour,scion,vsonscheinma,38,France,11
803,804,,,amacanemb@macromedia.com,male,barrage,other,lohalleghanemb,190,Brazil,100
804,805,Dennis,Desouza,ddesouzamc@dyndns.org,male,barrage,other,ddesouzamc,213,Macedonia,100
805,806,Nikolos,Darcey,ndarceymd@marketwatch.com,male,arctic armour,scion,ndarceymd,46,Eritrea,9
806,807,Diane-marie,,dstoppeme@hugedomains.com,male,animate weapon,scion,drickabyme,442,France,100
807,808,Avrit,,astockymf@businesswire.com,male,animate weapon,scion,aeverixmf,33,China,1
808,809,Don,Vedishchev,dvedishchevmg@geocities.jp,male,barrage,scion,dvedishchevmg,159,Brazil,100
809,810,Whitney,,wfeakemh@zimbio.com,male,arctic armour,scion,witchinghammh,164,Greece,100
810,811,Ettore,Choke,echokemi@google.cn,male,animate weapon,other,echokemi,226,Poland,100
811,812,,,sleneymj@psu.edu,male,barrage,other,afairheadmj,168,Pakistan,100
812,813,Karee,Gard,kgardmk@g.co,male,arctic armour,scion,kgardmk,426,Taiwan,100
813,814,Lory,,lspilisyml@linkedin.com,male,animate weapon,scion,ljindaml,62,Russia,30
814,815,Lin,Tainton,ltaintonmm@salon.com,male,animate weapon,other,ltaintonmm,421,Haiti,100
815,816,Dominga,,dflannemn@prnewswire.com,male,arctic armour,scion,dlindsellmn,339,Dominican Republic,100
816,817,Delora,Howley,dhowleymo@technorati.com,male,barrage,other,dhowleymo,288,Poland,100
817,818,Davida,Calleja,dcallejamp@pbs.org,male,arctic armour,other,dcallejamp,295,Armenia,100
818,819,Natka,Rushton,nrushtonmq@state.gov,male,barrage,other,nrushtonmq,77,France,64
819,820,Luigi,Blundell,lblundellmr@dyndns.org,male,arctic armour,scion,lblundellmr,383,France,100
820,821,Candie,O'Corr,cocorrms@weibo.com,male,animate weapon,other,cocorrms,175,Tanzania,100
821,822,,,kwoolacottmt@themeforest.net,male,barrage,other,mnisenmt,166,Portugal,100
822,823,Ron,Kiera,rkieramu@ucla.edu,male,barrage,other,rkieramu,239,Bulgaria,100
823,824,Caroljean,,cpalkmv@seattletimes.com,male,barrage,scion,clyndsmv,428,Indonesia,100
824,825,Ibrahim,,iarmisteadmw@upenn.edu,male,animate weapon,scion,irosenbushmw,409,Colombia,100
825,826,Ruthe,Coper,rcopermx@cam.ac.uk,male,animate weapon,other,rcopermx,265,Syria,100
826,827,Nicholle,Aldcorne,naldcornemy@mysql.com,male,barrage,other,naldcornemy,18,Brazil,13
827,828,Jacenta,Bust,jbustmz@yelp.com,male,animate weapon,scion,jbustmz,155,United States,100
828,829,Pepillo,,pmattusevichn0@discuz.net,male,arctic armour,other,pvowellsn0,196,Poland,100
829,830,Julieta,Ribchester,jribchestern1@ehow.com,male,arctic armour,scion,jribchestern1,401,Indonesia,100
830,831,Randee,,rfernien2@g.co,male,barrage,other,rroggern2,54,Ukraine,65
831,832,,Royston,lroystonn3@opensource.org,male,barrage,scion,proystonn3,62,Portugal,58
832,833,Carroll,Bruins,cbruinsn4@senate.gov,male,barrage,scion,cbruinsn4,330,Norway,100
833,834,Sergent,Boddington,sboddingtonn5@squarespace.com,male,arctic armour,scion,sboddingtonn5,288,Finland,100
834,835,Kikelia,Benn,kbennn6@pagesperso-orange.fr,male,barrage,scion,kbennn6,114,China,31
835,836,Justino,,jtreadwayn7@usatoday.com,male,arctic armour,other,jvarndelln7,90,China,30
836,837,Zuzana,,zlefeuvren8@istockphoto.com,male,barrage,scion,zsoppittn8,352,Iraq,100
837,838,Clayson,Guihen,cguihenn9@archive.org,male,barrage,other,cguihenn9,27,Norway,11
838,839,Maxy,,mgwilymna@seesaa.net,male,animate weapon,scion,mhucklebyna,130,Portugal,100
839,840,Morie,,mantonuttinb@mit.edu,male,arctic armour,scion,msamplenb,2,Malaysia,8
840,841,Rafferty,,rkeemarnc@tumblr.com,male,barrage,scion,rtrentnc,46,Albania,7
841,842,Sandie,,sdubocknd@furl.net,male,animate weapon,scion,sastellnd,142,China,100
842,843,Noelle,,nvardenne@furl.net,male,animate weapon,other,nmacgaheyne,99,Greece,26
843,844,L;urette,Crop,lcropnf@tamu.edu,male,animate weapon,other,lcropnf,442,Philippines,100
844,845,Orson,Aire,oaireng@taobao.com,male,animate weapon,scion,oaireng,345,Brazil,100
845,846,Lenci,Dunabie,ldunabienh@cafepress.com,male,barrage,other,ldunabienh,385,Latvia,100
846,847,Gregorio,Gary,ggaryni@mail.ru,male,arctic armour,scion,ggaryni,119,Indonesia,49
847,848,Hewitt,,hbroadberenj@live.com,male,barrage,scion,hravenscrofttnj,328,France,100
848,849,Guglielmo,Lunge,glungenk@usda.gov,male,animate weapon,other,glungenk,309,Russia,100
849,850,Camella,Janatka,cjanatkanl@spiegel.de,male,arctic armour,other,cjanatkanl,308,Portugal,100
850,851,Sascha,Odam,sodamnm@slate.com,male,barrage,scion,sodamnm,405,Argentina,100
851,852,Wilek,,wflottnn@cornell.edu,male,barrage,scion,wbucktharpnn,378,Italy,100
852,853,Bastien,,bdonnerno@miibeian.gov.cn,male,animate weapon,other,bwhateno,410,Japan,100
853,854,Bella,,blittefairnp@sun.com,male,animate weapon,scion,bpantlingnp,151,Ukraine,100
854,855,Guglielmo,,garchibouldnq@taobao.com,male,animate weapon,other,gmeekingsnq,381,China,100
855,856,Amble,,aahmadnr@g.co,male,arctic armour,scion,acurlessnr,353,Philippines,100
856,857,,Barfitt,lbarfittns@foxnews.com,male,barrage,scion,jbarfittns,54,Indonesia,49
857,858,Nickey,Brower,nbrowernt@blogspot.com,male,arctic armour,other,nbrowernt,209,Argentina,100
858,859,,Thorowgood,kthorowgoodnu@altervista.org,male,arctic armour,other,bthorowgoodnu,313,Indonesia,100
859,860,Carina,Mantrip,cmantripnv@bbb.org,male,barrage,scion,cmantripnv,8,China,6
860,861,Glynnis,Beament,gbeamentnw@opera.com,male,barrage,scion,gbeamentnw,179,Philippines,100
861,862,Ula,,umechellnx@theatlantic.com,male,animate weapon,other,uabrashkinnx,199,Indonesia,100
862,863,Skelly,,sandriessenny@auda.org.au,male,animate weapon,scion,sjahnelny,153,Indonesia,100
863,864,Cati,Cutill,ccutillnz@nih.gov,male,barrage,scion,ccutillnz,148,Argentina,100
864,865,Kori,Ralston,kralstono0@google.nl,male,arctic armour,other,kralstono0,328,China,100
865,866,Saunder,Fairburn,sfairburno1@bloomberg.com,male,barrage,other,sfairburno1,71,Indonesia,41
866,867,,,dnurdeno2@github.io,male,arctic armour,scion,wcaprono2,358,Colombia,100
867,868,Manda,Kitman,mkitmano3@printfriendly.com,male,barrage,scion,mkitmano3,387,Colombia,100
868,869,Rhea,,rcarsbergo4@chronoengine.com,male,arctic armour,scion,rpashbyo4,309,Syria,100
869,870,Elyn,Ovendale,eovendaleo5@cbsnews.com,male,barrage,other,eovendaleo5,144,France,100
870,871,Jordan,,jtippingso6@cnet.com,male,arctic armour,scion,jbraemero6,97,Honduras,68
871,872,Tiertza,,tginnalyo7@theguardian.com,male,barrage,other,tcowlishawo7,103,Albania,28
872,873,Jerrine,Baythorp,jbaythorpo8@ted.com,male,barrage,other,jbaythorpo8,107,Indonesia,57
873,874,Hyacintha,Eyckelberg,heyckelbergo9@youtube.com,male,animate weapon,scion,heyckelbergo9,132,Russia,100
874,875,Reggie,Tace,rtaceoa@narod.ru,male,barrage,other,rtaceoa,398,China,100
875,876,Lynnell,Battersby,lbattersbyob@discovery.com,male,animate weapon,scion,lbattersbyob,151,Ukraine,100
876,877,Belinda,,bsaffeoc@statcounter.com,male,barrage,scion,bgaitskilloc,152,Uzbekistan,100
877,878,Victoir,,vspinozziod@indiatimes.com,male,animate weapon,other,vhoysod,265,Sweden,100
878,879,Merna,Francis,mfrancisoe@multiply.com,male,barrage,other,mfrancisoe,43,Uzbekistan,13
879,880,Ogden,,oburnyateof@biblegateway.com,male,barrage,scion,oshellyof,105,China,53
880,881,Scarlett,Shotter,sshotterog@rediff.com,male,animate weapon,scion,sshotterog,362,Poland,100
881,882,Den,Sapena,dsapenaoh@tumblr.com,male,barrage,scion,dsapenaoh,51,France,49
882,883,Peta,Spellacey,pspellaceyoi@geocities.jp,male,barrage,scion,pspellaceyoi,111,China,53
883,884,Evania,Minmagh,eminmaghoj@cisco.com,male,animate weapon,other,eminmaghoj,239,China,100
884,885,Bartram,,bbleackleyok@google.es,male,animate weapon,scion,bformbyok,322,Indonesia,100
885,886,Arlena,,abettlesol@gmpg.org,male,barrage,scion,abruhnkeol,118,Indonesia,58
886,887,Tomasine,Hulme,thulmeom@dailymail.co.uk,male,barrage,other,thulmeom,241,Ireland,100
887,888,Derk,Titherington,dtitheringtonon@mapy.cz,male,barrage,other,dtitheringtonon,174,Philippines,100
888,889,Debra,,dantoniatoo@paginegialle.it,male,arctic armour,scion,dhelixoo,82,Indonesia,50
889,890,Leonhard,,lrajchertop@baidu.com,male,barrage,scion,lcurraoop,126,Venezuela,100
890,891,Ilka,,ifranzoq@livejournal.com,male,barrage,other,ibrisseauoq,333,Greece,100
891,892,Artemus,,aglennonor@time.com,male,animate weapon,other,adiveor,384,China,100
892,893,Temp,,tmarcombeos@dailymail.co.uk,male,barrage,scion,trebbeckos,118,Slovenia,38
893,894,Trescha,,tgilliot@nhs.uk,male,animate weapon,scion,tdundonot,219,Uruguay,100
894,895,Anissa,Philipson,aphilipsonou@skype.com,male,barrage,scion,aphilipsonou,159,Armenia,100
895,896,Randie,,rhastieov@freewebs.com,male,barrage,other,rrolinov,100,China,46
896,897,Evanne,Manion,emanionow@so-net.ne.jp,male,barrage,scion,emanionow,209,Poland,100
897,898,Susana,,sstonierox@imageshack.us,male,animate weapon,other,spimmeox,378,China,100
898,899,Bess,,brobbeoy@gizmodo.com,male,arctic armour,scion,bbenedickoy,268,China,100
899,900,Merl,Barenski,mbarenskioz@goo.ne.jp,male,barrage,other,mbarenskioz,127,Canada,100
900,901,,Medcraft,lmedcraftp0@yale.edu,male,barrage,scion,lmedcraftp0,431,Brazil,100
901,902,Annamaria,,acaserop1@yelp.com,male,barrage,other,aburginp1,319,China,100
902,903,Sanderson,Dymick,sdymickp2@patch.com,male,barrage,scion,sdymickp2,121,Indonesia,100
903,904,Rebbecca,McSwan,rmcswanp3@archive.org,male,animate weapon,other,rmcswanp3,327,China,100
904,905,Reinaldo,,rwimmersp4@senate.gov,male,animate weapon,scion,rchasmoorp4,58,China,41
905,906,Daryl,,dtampenp5@sfgate.com,male,barrage,other,dgiffautp5,50,China,67
906,907,,Di Carli,fdicarlip6@kickstarter.com,male,animate weapon,scion,qdicarlip6,108,Egypt,47
907,908,Morey,,mfluxp7@slideshare.net,male,barrage,scion,mjerrandp7,284,Mexico,100
908,909,Sibyl,Jamrowicz,sjamrowiczp8@merriam-webster.com,male,barrage,scion,sjamrowiczp8,423,Peru,100
909,910,Jilli,,jblackneyp9@etsy.com,male,barrage,scion,jhoylesp9,247,Canada,100
910,911,Othella,,oshermarpa@mapquest.com,male,animate weapon,scion,oblastockpa,237,China,100
911,912,Gerty,Hayne,ghaynepb@about.com,male,barrage,scion,ghaynepb,97,Indonesia,70
912,913,Archie,,astuckespc@yelp.com,male,barrage,other,awhitnallpc,67,Tajikistan,69
913,914,,Crowdace,mcrowdacepd@marketwatch.com,male,animate weapon,scion,pcrowdacepd,74,China,52
914,915,Tammy,,tjonsonpe@adobe.com,male,arctic armour,scion,tfearspe,53,Vietnam,48
915,916,Hammad,Blackaller,hblackallerpf@washington.edu,male,barrage,other,hblackallerpf,415,Kazakhstan,100
916,917,Cornie,,cpiolapg@walmart.com,male,barrage,scion,cvispopg,109,Philippines,28
917,918,Aurthur,Alner,aalnerph@ezinearticles.com,male,arctic armour,scion,aalnerph,406,Iran,100
918,919,,,iribeypi@surveymonkey.com,male,animate weapon,scion,kcundeypi,104,Philippines,59
919,920,Andriana,,adescroixpj@last.fm,male,arctic armour,scion,aruddimanpj,430,Vietnam,100
920,921,Corbett,,creisensteinpk@exblog.jp,male,animate weapon,scion,cpalisterpk,350,Indonesia,100
921,922,Lidia,Akitt,lakittpl@mediafire.com,male,animate weapon,scion,lakittpl,434,China,100
922,923,Chrysler,Redmire,credmirepm@ca.gov,male,barrage,other,credmirepm,206,Indonesia,100
923,924,Sylas,,srouncepn@nationalgeographic.com,male,barrage,other,sorrockpn,186,Malaysia,100
924,925,,,jwhittypo@homestead.com,male,animate weapon,other,wfolomkinpo,52,Indonesia,27
925,926,Lionel,Curton,lcurtonpp@scribd.com,male,animate weapon,scion,lcurtonpp,37,Poland,15
926,927,Celene,Fry,cfrypq@homestead.com,male,animate weapon,scion,cfrypq,258,Poland,100
927,928,,Northen,knorthenpr@last.fm,male,arctic armour,scion,nnorthenpr,210,Indonesia,100
928,929,,Cayette,ocayetteps@google.com.hk,male,barrage,scion,scayetteps,37,China,15
929,930,Carmelle,,cdeglanvillept@yahoo.com,male,barrage,scion,chayllerpt,87,China,64
930,931,Blinny,Durning,bdurningpu@t.co,male,animate weapon,scion,bdurningpu,63,Russia,44
931,932,,,tcargopv@bbb.org,male,arctic armour,scion,eshuardpv,339,Poland,100
932,933,,Agott,eagottpw@reference.com,male,arctic armour,other,gagottpw,253,China,100
933,934,Rafa,,rlincolnpx@washington.edu,male,barrage,other,rdyblepx,300,Bolivia,100
934,935,Barnett,Alfonzo,balfonzopy@bloglines.com,male,arctic armour,other,balfonzopy,366,Poland,100
935,936,Janeczka,McLay,jmclaypz@oakley.com,male,barrage,scion,jmclaypz,5,China,12
936,937,Chrissy,,cboeckeq0@quantcast.com,male,animate weapon,scion,cbengtsonq0,61,Nepal,40
937,938,Allyce,Daubney,adaubneyq1@google.com.au,male,arctic armour,other,adaubneyq1,296,China,100
938,939,Grete,Tythe,gtytheq2@acquirethisname.com,male,animate weapon,scion,gtytheq2,236,China,100
939,940,Theodore,,tsulterq3@com.com,male,barrage,other,tleestutq3,238,Russia,100
940,941,Alidia,Threadgold,athreadgoldq4@squidoo.com,male,barrage,scion,athreadgoldq4,234,Brazil,100
941,942,Ralf,Sandey,rsandeyq5@163.com,male,arctic armour,scion,rsandeyq5,186,Sierra Leone,100
942,943,Rutherford,Glasser,rglasserq6@constantcontact.com,male,arctic armour,other,rglasserq6,72,Argentina,59
943,944,Ninnette,,ntracyq7@1688.com,male,barrage,other,nsimonettq7,24,Colombia,25
944,945,Chastity,Kitcat,ckitcatq8@si.edu,male,barrage,other,ckitcatq8,125,Latvia,100
945,946,Daryl,,dscriverq9@dagondesign.com,male,barrage,other,drodriguezq9,245,China,100
946,947,,,awetwoodqa@xinhuanet.com,male,arctic armour,scion,rjovicevicqa,87,China,29
947,948,Mead,Tuttle,mtuttleqb@hibu.com,male,arctic armour,other,mtuttleqb,181,Russia,100
948,949,Mersey,McBryde,mmcbrydeqc@apache.org,male,arctic armour,scion,mmcbrydeqc,286,Poland,100
949,950,Kristi,Furse,kfurseqd@posterous.com,male,animate weapon,scion,kfurseqd,438,Portugal,100
950,951,Rona,Fewkes,rfewkesqe@latimes.com,male,barrage,other,rfewkesqe,233,Russia,100
951,952,Hermine,,hmulchroneqf@businessweek.com,male,barrage,other,hgroseqf,314,Indonesia,100
952,953,Lorenza,MacScherie,lmacscherieqg@icq.com,male,barrage,scion,lmacscherieqg,444,Svalbard and Jan Mayen,100
953,954,Kally,Patient,kpatientqh@cdbaby.com,male,barrage,scion,kpatientqh,109,Argentina,40
954,955,Felipe,,fellwoodqi@mit.edu,male,barrage,other,fclemasqi,401,Indonesia,100
955,956,Dianemarie,,dheinemannqj@xrea.com,male,barrage,scion,dkitchersideqj,308,Ukraine,100
956,957,Dodi,,dhargeyqk@kickstarter.com,male,animate weapon,other,ddackeqk,233,Poland,100
957,958,,Creany,pcreanyql@zimbio.com,male,barrage,scion,mcreanyql,323,Poland,100
958,959,,Rohfsen,orohfsenqm@tuttocitta.it,male,arctic armour,scion,frohfsenqm,244,Indonesia,100
959,960,Harlin,Manion,hmanionqn@gnu.org,male,animate weapon,other,hmanionqn,209,Egypt,100
960,961,Jacquetta,Savary,jsavaryqo@eventbrite.com,male,animate weapon,scion,jsavaryqo,133,Czech Republic,100
961,962,,Stangoe,bstangoeqp@google.co.jp,male,arctic armour,other,gstangoeqp,438,France,100
962,963,Brittni,Deaconson,bdeaconsonqq@ucoz.ru,male,arctic armour,scion,bdeaconsonqq,108,China,56
963,964,Horace,,hlillecrapqr@dot.gov,male,barrage,scion,haustickqr,85,Russia,61
964,965,Silvan,Slesser,sslesserqs@liveinternet.ru,male,barrage,other,sslesserqs,447,Malaysia,100
965,966,Nonie,Lawson,nlawsonqt@wikispaces.com,male,animate weapon,other,nlawsonqt,149,Israel,100
966,967,Doris,,dfortinqu@rambler.ru,male,animate weapon,other,dkinneirqu,21,China,19
967,968,Diane,,dsetonqv@last.fm,male,animate weapon,other,dgoulderqv,357,China,100
968,969,Randy,Lindbergh,rlindberghqw@netvibes.com,male,barrage,other,rlindberghqw,394,China,100
969,970,Eba,Siddaley,esiddaleyqx@telegraph.co.uk,male,animate weapon,other,esiddaleyqx,100,Philippines,27
970,971,,,mswindleqy@opera.com,male,barrage,scion,omayoralqy,352,United States,100
971,972,Adelice,,aschultzqz@chicagotribune.com,male,barrage,other,alesperqz,129,China,100
972,973,Mickie,,mcolcloughr0@godaddy.com,male,animate weapon,scion,mshillomr0,410,Austria,100
973,974,Codee,,cwhitterr1@dyndns.org,male,animate weapon,scion,cgoadyr1,117,Russia,32
974,975,Nowell,,npaulingr2@mozilla.com,male,arctic armour,other,njiggler2,38,China,12
975,976,Suki,Cleatherow,scleatherowr3@army.mil,male,barrage,scion,scleatherowr3,298,China,100
976,977,Dulce,Dudin,ddudinr4@constantcontact.com,male,arctic armour,scion,ddudinr4,434,Bosnia and Herzegovina,100
977,978,Constance,Osburn,cosburnr5@guardian.co.uk,male,barrage,other,cosburnr5,36,Indonesia,6
978,979,Norris,Andrejevic,nandrejevicr6@liveinternet.ru,male,animate weapon,other,nandrejevicr6,116,China,61
979,980,Devinne,,dmayberryr7@ifeng.com,male,animate weapon,scion,dbattistar7,313,Cameroon,100
980,981,Wake,Ashwood,washwoodr8@addtoany.com,male,animate weapon,scion,washwoodr8,103,Russia,49
981,982,Gisele,Varvell,gvarvellr9@facebook.com,male,barrage,scion,gvarvellr9,147,Egypt,100
982,983,Cayla,Strephan,cstrephanra@seattletimes.com,male,animate weapon,other,cstrephanra,283,Belarus,100
983,984,,,jgellibrandrb@homestead.com,male,arctic armour,other,craubenheimerrb,10,France,9
984,985,,,khunnywellrc@privacy.gov.au,male,animate weapon,scion,gmeiningenrc,235,Saint Barthelemy,100
985,986,Glynn,,gmylesrd@meetup.com,male,barrage,scion,goduilleainrd,378,China,100
986,987,Kelcie,Boni,kbonire@phpbb.com,male,barrage,other,kbonire,212,Philippines,100
987,988,Artemas,Meader,ameaderrf@digg.com,male,animate weapon,scion,ameaderrf,307,China,100
988,989,Wald,Skures,wskuresrg@ihg.com,male,animate weapon,other,wskuresrg,3,Philippines,17
989,990,Fenelia,Vigrass,fvigrassrh@flickr.com,male,arctic armour,scion,fvigrassrh,344,Colombia,100
990,991,Konrad,,khuguesri@google.co.uk,male,barrage,scion,klatheyri,357,Poland,100
991,992,Nannie,,nbanaszewskirj@lycos.com,male,barrage,other,nackredrj,282,Ukraine,100
992,993,Francis,,flerohanrk@nps.gov,male,barrage,other,fpragnallrk,375,China,100
993,994,,,pfentyrl@va.gov,male,barrage,scion,rkubistarl,424,Philippines,100
994,995,Ozzie,Downing,odowningrm@wired.com,male,animate weapon,other,odowningrm,340,Cameroon,100
995,996,Addison,,atatchellrn@go.com,male,barrage,other,abellefantrn,177,Ukraine,100
996,997,Irma,Shelton,isheltonro@dion.ne.jp,male,barrage,scion,isheltonro,427,Philippines,100
997,998,Abbey,Varran,avarranrp@twitter.com,male,animate weapon,scion,avarranrp,61,Peru,64
998,999,Donny,Balden,dbaldenrq@illinois.edu,male,barrage,other,dbaldenrq,82,Poland,70
999,1000,Vikki,Horder,vhorderrr@buzzfeed.com,male,animate weapon,other,vhorderrr,209,China,100
