id,first_name,last_name,email,gender,gem,class,character_name,gametime,country,level
1,,Attwell,kattwell0@hhs.gov,male,arctic armour,other,jattwell0,409,China,100
2,Shoshanna,,scorrigan1@pinterest.com,male,barrage,other,scarnson1,12,El Salvador,20
3,Nadya,Boobyer,nboobyer2@yahoo.com,male,arctic armour,scion,nboobyer2,320,Norway,100
4,Tris,Chippindale,tchippindale3@businessinsider.com,male,barrage,scion,tchippindale3,171,Japan,100
5,Netta,,nmateescu4@flavors.me,male,arctic armour,other,ngeorgins4,446,Russia,100
6,Austin,Formoy,aformoy5@live.com,male,animate weapon,scion,aformoy5,215,Peru,100
7,Greta,Capponeer,gcapponeer6@furl.net,male,animate weapon,other,gcapponeer6,157,Indonesia,100
8,Barbette,,bcrosfield7@weather.com,male,animate weapon,scion,bmargarson7,439,Mozambique,100
9,Adiana,Kissock,akissock8@pcworld.com,male,arctic armour,other,akissock8,233,Czech Republic,100
10,Patty,,pdelion9@hugedomains.com,male,arctic armour,other,pheeron9,16,Japan,21
11,Stanfield,Minifie,sminifiea@list-manage.com,male,barrage,other,sminifiea,354,Canada,100
12,Lotti,Fochs,lfochsb@lycos.com,male,barrage,scion,lfochsb,163,Iran,100
13,Gordon,Dradey,gdradeyc@miitbeian.gov.cn,male,barrage,other,gdradeyc,423,Morocco,100
14,Ivy,,igregrd@google.es,male,barrage,scion,ipimlockd,310,Norway,100
15,Hale,Rowlson,hrowlsone@exblog.jp,male,barrage,other,hrowlsone,370,Indonesia,100
16,Northrup,,nskitralf@ibm.com,male,animate weapon,scion,nhabardf,301,Peru,100
17,Cleo,,clucianog@dot.gov,male,arctic armour,scion,ceasmang,48,North Korea,19
18,Sherwynd,Boffey,sboffeyh@lycos.com,male,barrage,scion,sboffeyh,315,Poland,100
19,Paige,Bucke,pbuckei@ustream.tv,male,barrage,other,pbuckei,385,Russia,100
20,Keary,,krainsdonj@mapy.cz,male,animate weapon,scion,kwevellj,323,Canada,100
21,Tarrance,Rait,traitk@ehow.com,male,barrage,other,traitk,286,Sweden,100
22,Antone,,adeluzel@mediafire.com,male,arctic armour,scion,agoulterl,78,Thailand,29
23,,Tidey,rtideym@oaic.gov.au,male,barrage,other,ktideym,60,Poland,43
24,Sheela,,sredfearnn@nationalgeographic.com,male,arctic armour,scion,selkingtonn,148,Afghanistan,100
25,Selma,Alven,salveno@themeforest.net,male,animate weapon,other,salveno,384,China,100
26,Magdalen,Kennaird,mkennairdp@mail.ru,male,arctic armour,scion,mkennairdp,264,Greece,100
27,Ilene,Metheringham,imetheringhamq@domainmarket.com,male,barrage,scion,imetheringhamq,434,Zambia,100
28,Karlene,Bezemer,kbezemerr@digg.com,male,animate weapon,scion,kbezemerr,44,Portugal,10
29,,Kearns,jkearnss@amazon.com,male,barrage,other,skearnss,59,Moldova,32
30,Hendrik,Baterip,hbateript@google.cn,male,arctic armour,other,hbateript,347,Finland,100
31,Daile,Qusklay,dqusklayu@chicagotribune.com,male,arctic armour,scion,dqusklayu,103,Japan,41
32,Jeanna,,jwhearv@163.com,male,barrage,other,jbainesv,228,China,100
33,Rosamund,Matelaitis,rmatelaitisw@webeden.co.uk,male,animate weapon,other,rmatelaitisw,322,Bahrain,100
34,Celia,Fellenor,cfellenorx@nps.gov,male,barrage,scion,cfellenorx,133,Cameroon,100
35,Dacey,,dcassiey@ihg.com,male,barrage,scion,dbrienty,333,Indonesia,100
36,Eben,,ecavanz@t.co,male,arctic armour,scion,evanderhoevenz,390,Indonesia,100
37,Mordy,Shelly,mshelly10@wufoo.com,male,animate weapon,scion,mshelly10,60,Serbia,53
38,Brook,Severwright,bseverwright11@constantcontact.com,male,arctic armour,other,bseverwright11,214,Russia,100
39,Jacquette,Pettet,jpettet12@shinystat.com,male,arctic armour,scion,jpettet12,416,Tunisia,100
40,Roberto,,rwhickman13@cornell.edu,male,barrage,other,rmcmanaman13,124,Nepal,100
41,Mathilda,Scintsbury,mscintsbury14@shutterfly.com,male,animate weapon,scion,mscintsbury14,429,Slovenia,100
42,Bancroft,,bball15@ihg.com,male,arctic armour,other,bmarrington15,362,Somalia,100
43,Bengt,Shory,bshory16@apple.com,male,barrage,scion,bshory16,173,Tanzania,100
44,Laina,,lscoyne17@independent.co.uk,male,barrage,other,lennew17,364,Russia,100
45,,Citrine,jcitrine18@usnews.com,male,animate weapon,other,jcitrine18,54,China,69
46,,Kenforth,tkenforth19@printfriendly.com,male,arctic armour,other,kkenforth19,312,France,100
47,Brigid,,bhardiman1a@wired.com,male,animate weapon,scion,bguisot1a,395,China,100
48,Gusty,Jerger,gjerger1b@toplist.cz,male,barrage,scion,gjerger1b,335,Indonesia,100
49,,Nenci,rnenci1c@cisco.com,male,barrage,other,jnenci1c,184,Philippines,100
50,,Pennycook,zpennycook1d@linkedin.com,male,barrage,scion,ppennycook1d,111,China,67
51,Niel,,ngorelli1e@digg.com,male,arctic armour,scion,nsouten1e,362,Czech Republic,100
52,Buddy,Padwick,bpadwick1f@baidu.com,male,barrage,other,bpadwick1f,30,Russia,1
53,Jamison,Itzkin,jitzkin1g@tinypic.com,male,barrage,scion,jitzkin1g,283,China,100
54,Cathe,,ctoomer1h@networkadvertising.org,male,animate weapon,other,cbusek1h,413,Argentina,100
55,,,vwitter1i@163.com,male,barrage,other,dbeatty1i,99,Pakistan,60
56,Christabella,Kem,ckem1j@aol.com,male,barrage,scion,ckem1j,365,Guatemala,100
57,Pam,Cavolini,pcavolini1k@geocities.com,male,animate weapon,other,pcavolini1k,90,Brazil,36
58,Elaine,,ebreens1l@ucoz.ru,male,barrage,other,esage1l,397,Peru,100
59,Pen,Grolle,pgrolle1m@tripadvisor.com,male,barrage,scion,pgrolle1m,46,Indonesia,14
60,Cherilyn,Scutcheon,cscutcheon1n@comsenz.com,male,barrage,scion,cscutcheon1n,186,China,100
61,Cahra,Rawes,crawes1o@oaic.gov.au,male,arctic armour,other,crawes1o,390,Peru,100
62,Port,Caulcutt,pcaulcutt1p@cornell.edu,male,barrage,other,pcaulcutt1p,144,Nigeria,100
63,Fifine,Pinchen,fpinchen1q@wikipedia.org,male,barrage,other,fpinchen1q,441,China,100
64,Geoff,,gcogger1r@nytimes.com,male,animate weapon,other,gcamier1r,397,China,100
65,Jarrad,Meechan,jmeechan1s@elegantthemes.com,male,arctic armour,scion,jmeechan1s,310,Indonesia,100
66,Zedekiah,,zferraresi1t@storify.com,male,animate weapon,other,ztomson1t,54,Nigeria,61
67,Hester,Verrill,hverrill1u@tmall.com,male,barrage,scion,hverrill1u,51,Slovenia,66
68,Gareth,Spadaro,gspadaro1v@livejournal.com,male,animate weapon,scion,gspadaro1v,252,Portugal,100
69,Graham,Attwoul,gattwoul1w@topsy.com,male,animate weapon,other,gattwoul1w,273,Uruguay,100
70,,,vromi1x@sciencedaily.com,male,barrage,other,csargint1x,105,Portugal,45
71,Edith,Lyst,elyst1y@opensource.org,male,animate weapon,scion,elyst1y,392,China,100
72,Walton,,wramsdell1z@jalbum.net,male,arctic armour,other,wbetts1z,24,Poland,2
73,Paul,,prootes20@stumbleupon.com,male,animate weapon,scion,plysaght20,225,United States,100
74,Ferris,Wroath,fwroath21@pinterest.com,male,animate weapon,scion,fwroath21,284,China,100
75,Riane,Farfoot,rfarfoot22@shutterfly.com,male,barrage,other,rfarfoot22,32,China,14
76,Flor,Callander,fcallander23@tiny.cc,male,animate weapon,other,fcallander23,256,Germany,100
77,Harold,Davidov,hdavidov24@issuu.com,male,barrage,scion,hdavidov24,295,France,100
78,Molli,,mhaps25@wp.com,male,barrage,scion,mgyves25,118,Serbia,45
79,Aloysius,,ajimmes26@elegantthemes.com,male,animate weapon,scion,aokielt26,50,Ukraine,60
80,Scotty,,sfarbrace27@cocolog-nifty.com,male,animate weapon,scion,smuino27,164,China,100
81,Janenna,,jstihl28@furl.net,male,animate weapon,scion,jseagar28,264,United States,100
82,Gregorio,Bartolic,gbartolic29@howstuffworks.com,male,animate weapon,other,gbartolic29,423,China,100
83,Sandor,Popov,spopov2a@cmu.edu,male,animate weapon,scion,spopov2a,325,Thailand,100
84,Garrik,,gsaunderson2b@seattletimes.com,male,barrage,other,gelldred2b,297,Japan,100
85,Padget,Kiledal,pkiledal2c@youtube.com,male,arctic armour,scion,pkiledal2c,126,China,100
86,Evita,Golthorpp,egolthorpp2d@newsvine.com,male,barrage,scion,egolthorpp2d,295,China,100
87,Yehudi,,ycordero2e@cpanel.net,male,arctic armour,other,ybaynes2e,170,Haiti,100
88,Charline,Rickard,crickard2f@nyu.edu,male,animate weapon,other,crickard2f,139,Bosnia and Herzegovina,100
89,Gavrielle,,gkersey2g@sina.com.cn,male,barrage,scion,gfryd2g,262,Russia,100
90,Rudolfo,Imesen,rimesen2h@paginegialle.it,male,barrage,other,rimesen2h,253,China,100
91,Lacie,Durdle,ldurdle2i@acquirethisname.com,male,barrage,other,ldurdle2i,275,Pakistan,100
92,Lauraine,Spatari,lspatari2j@nyu.edu,male,arctic armour,scion,lspatari2j,298,Ukraine,100
93,Derry,,dcorrao2k@disqus.com,male,arctic armour,scion,dgouinlock2k,69,Philippines,70
94,,MacColl,bmaccoll2l@dagondesign.com,male,animate weapon,scion,jmaccoll2l,6,Brazil,20
95,Charo,,cmunnings2m@rambler.ru,male,animate weapon,scion,ckumar2m,54,Philippines,50
96,Roslyn,Louisot,rlouisot2n@google.it,male,arctic armour,other,rlouisot2n,429,Ukraine,100
97,Ceil,,cgooding2o@tinyurl.com,male,arctic armour,scion,cgobeau2o,373,Indonesia,100
98,Bree,Agget,bagget2p@eventbrite.com,male,animate weapon,other,bagget2p,329,Russia,100
99,Alric,Sutliff,asutliff2q@businessinsider.com,male,barrage,scion,asutliff2q,53,Ukraine,62
100,Vernon,Findlow,vfindlow2r@nbcnews.com,female,arctic armour,other,vfindlow2r,182,Philippines,100
101,Burton,Brandom,bbrandom2s@ucoz.ru,female,barrage,other,bbrandom2s,170,China,100
102,Rudolf,Prestner,rprestner2t@cloudflare.com,female,barrage,scion,rprestner2t,342,China,100
103,Si,Tearney,stearney2u@hhs.gov,female,barrage,scion,stearney2u,358,China,100
104,Jen,Corben,jcorben2v@biglobe.ne.jp,female,animate weapon,scion,jcorben2v,13,China,21
105,Georgie,Narramore,gnarramore2w@house.gov,female,barrage,other,gnarramore2w,330,Philippines,100
106,Townsend,Upsale,tupsale2x@privacy.gov.au,female,barrage,other,tupsale2x,72,Greece,33
107,Patrice,Burr,pburr2y@sciencedirect.com,female,arctic armour,other,pburr2y,450,Indonesia,100
108,Roze,Lindblad,rlindblad2z@hexun.com,female,animate weapon,other,rlindblad2z,16,Indonesia,20
109,Herman,,hbragg30@msn.com,female,barrage,scion,hhellyar30,113,Bulgaria,68
110,Carmine,Pirdy,cpirdy31@bbc.co.uk,female,arctic armour,other,cpirdy31,245,Greece,100
111,Paula,Perillio,pperillio32@tinyurl.com,female,barrage,scion,pperillio32,400,Kazakhstan,100
112,Eliot,Schooley,eschooley33@cbslocal.com,female,barrage,other,eschooley33,371,China,100
113,Lorilee,Greeve,lgreeve34@oaic.gov.au,female,animate weapon,scion,lgreeve34,284,China,100
114,,Berston,cberston35@aboutads.info,female,barrage,other,cberston35,176,China,100
115,Burg,,blaweles36@hhs.gov,female,arctic armour,scion,bserfati36,412,Serbia,100
116,Cherianne,Pritty,cpritty37@scribd.com,female,animate weapon,other,cpritty37,79,Brazil,36
117,Russell,,rpauncefort38@opera.com,female,arctic armour,other,rsaffrin38,272,Russia,100
118,Stesha,Della,sdella39@joomla.org,female,barrage,other,sdella39,224,China,100
119,Giles,,glopez3a@deviantart.com,female,barrage,other,gmcilwraith3a,377,Norway,100
120,Herrick,,hvickerstaff3b@bizjournals.com,female,arctic armour,other,hpeirce3b,224,Poland,100
121,Louie,,lnoller3c@mayoclinic.com,female,barrage,other,lingreda3c,422,China,100
122,Aurel,,alamcken3d@cpanel.net,female,animate weapon,other,aschwaiger3d,55,Argentina,36
123,Shalna,Pownall,spownall3e@msn.com,female,animate weapon,other,spownall3e,12,Philippines,23
124,Millisent,Backhurst,mbackhurst3f@topsy.com,female,arctic armour,scion,mbackhurst3f,229,Argentina,100
125,Corilla,Killock,ckillock3g@oracle.com,female,arctic armour,other,ckillock3g,268,Democratic Republic of the Congo,100
126,Conni,,cartois3h@intel.com,female,barrage,other,cwithers3h,425,Poland,100
127,Glynis,Merriton,gmerriton3i@who.int,female,arctic armour,scion,gmerriton3i,231,Pakistan,100
128,Tina,,tsyer3j@reverbnation.com,female,barrage,other,twaddilove3j,251,Chad,100
129,Martina,Veeler,mveeler3k@sogou.com,female,arctic armour,other,mveeler3k,167,Philippines,100
130,Ruddy,Shapera,rshapera3l@weibo.com,female,arctic armour,other,rshapera3l,359,Czech Republic,100
131,Holt,Ruddell,hruddell3m@taobao.com,female,arctic armour,scion,hruddell3m,143,Ukraine,100
132,Sheryl,Povah,spovah3n@scientificamerican.com,female,barrage,scion,spovah3n,316,China,100
133,Leopold,Middlebrook,lmiddlebrook3o@illinois.edu,female,arctic armour,other,lmiddlebrook3o,204,Guatemala,100
134,,Metheringham,fmetheringham3p@drupal.org,female,arctic armour,other,jmetheringham3p,59,Indonesia,59
135,,,kteresi3q@plala.or.jp,female,animate weapon,scion,aknightsbridge3q,343,Slovenia,100
136,,Bedboro,ebedboro3r@cafepress.com,female,barrage,scion,ybedboro3r,312,Norway,100
137,Dee,,dmcgeagh3s@symantec.com,female,animate weapon,other,dthorwarth3s,13,Philippines,17
138,Lars,,lallison3t@diigo.com,female,animate weapon,other,lplante3t,376,Palestinian Territory,100
139,,,ctakis3u@ca.gov,female,barrage,scion,wmorfey3u,326,Ukraine,100
140,,,jeadmead3v@sciencedaily.com,female,barrage,scion,tfoux3v,166,Latvia,100
141,Cate,,cschulz3w@newsvine.com,female,animate weapon,scion,crings3w,388,Ireland,100
142,Merrick,Gason,mgason3x@163.com,female,barrage,other,mgason3x,51,Armenia,49
143,Berrie,Kabos,bkabos3y@indiegogo.com,female,animate weapon,scion,bkabos3y,44,China,23
144,Marie,,mdybell3z@weather.com,female,animate weapon,scion,mvertigan3z,95,Philippines,30
145,Elsy,Hultberg,ehultberg40@live.com,female,arctic armour,other,ehultberg40,231,Armenia,100
146,Cele,Faherty,cfaherty41@last.fm,female,arctic armour,scion,cfaherty41,149,Nicaragua,100
147,Aveline,Sharper,asharper42@cornell.edu,female,animate weapon,scion,asharper42,102,Niger,47
148,Shirley,Baldacchino,sbaldacchino43@blogger.com,female,animate weapon,scion,sbaldacchino43,219,France,100
149,Mycah,Nowak,mnowak44@sitemeter.com,female,animate weapon,other,mnowak44,423,Indonesia,100
150,Bobbe,Cleynaert,bcleynaert45@bbb.org,female,barrage,scion,bcleynaert45,386,China,100
151,Florie,,flampl46@smh.com.au,female,arctic armour,other,fgrewer46,392,Philippines,100
152,Rosemaria,,rthaller47@reuters.com,female,barrage,other,rbarnaclough47,327,Indonesia,100
153,Chlo,,ccolleford48@dropbox.com,female,animate weapon,other,cnorthleigh48,401,Peru,100
154,Alvira,Heinig,aheinig49@seesaa.net,female,barrage,scion,aheinig49,142,Philippines,100
155,Maxy,Kinney,mkinney4a@netlog.com,female,barrage,other,mkinney4a,424,Indonesia,100
156,Amelie,,acasetti4b@dailymail.co.uk,female,barrage,other,amoynihan4b,403,China,100
157,Vilhelmina,Roadknight,vroadknight4c@ehow.com,female,barrage,scion,vroadknight4c,17,South Africa,11
158,Iris,Hankey,ihankey4d@hubpages.com,female,arctic armour,scion,ihankey4d,313,Argentina,100
159,Dierdre,Elan,delan4e@fotki.com,female,arctic armour,other,delan4e,325,Morocco,100
160,Dennie,,dgraftonherbert4f@deliciousdays.com,female,animate weapon,other,dscruby4f,89,China,66
161,Hailee,Finlaison,hfinlaison4g@fastcompany.com,female,animate weapon,scion,hfinlaison4g,190,Philippines,100
162,Bartholemy,Alenshev,balenshev4h@mail.ru,female,animate weapon,other,balenshev4h,322,Iran,100
163,Mariel,,mashurst4i@icio.us,female,barrage,scion,mkrystof4i,184,China,100
164,Chicky,Warlowe,cwarlowe4j@statcounter.com,female,animate weapon,other,cwarlowe4j,398,China,100
165,Mabelle,,mcotelard4k@51.la,female,barrage,other,mglavias4k,255,Czech Republic,100
166,Wendall,,wdacks4l@jiathis.com,female,barrage,other,wollenbuttel4l,301,Portugal,100
167,Herman,,hbrigdale4m@weibo.com,female,barrage,scion,helcy4m,90,Slovenia,67
168,Cam,,chellyer4n@about.com,female,animate weapon,scion,cnickless4n,328,Ukraine,100
169,Porter,,pbodocs4o@netlog.com,female,barrage,scion,ppetrozzi4o,246,China,100
170,Trenna,,tbownass4p@1und1.de,female,barrage,scion,tgherardini4p,186,Tunisia,100
171,Dmitri,,drosencrantz4q@istockphoto.com,female,barrage,scion,dbeckensall4q,223,Venezuela,100
172,Yoko,Allebone,yallebone4r@arizona.edu,female,animate weapon,scion,yallebone4r,365,Syria,100
173,Angelia,Lowndes,alowndes4s@paginegialle.it,female,animate weapon,scion,alowndes4s,162,Poland,100
174,Yale,Allabarton,yallabarton4t@list-manage.com,female,barrage,scion,yallabarton4t,272,Greece,100
175,Carlene,,camoore4u@bloomberg.com,female,animate weapon,other,cosorio4u,424,China,100
176,Antonella,,acote4v@behance.net,female,barrage,other,agreenalf4v,273,Pakistan,100
177,Joya,,jluna4w@example.com,female,barrage,scion,jbougen4w,116,China,48
178,Tamera,Danovich,tdanovich4x@yellowbook.com,female,barrage,other,tdanovich4x,50,Russia,58
179,Ford,Salkild,fsalkild4y@yellowpages.com,female,barrage,scion,fsalkild4y,251,China,100
180,,,gsidry4z@comsenz.com,female,barrage,scion,jtripean4z,135,Argentina,100
181,Lonni,,lcroke50@miibeian.gov.cn,female,arctic armour,scion,lpoulsum50,79,Indonesia,42
182,Alessandra,Reignard,areignard51@51.la,female,barrage,scion,areignard51,167,China,100
183,Ilka,Doggett,idoggett52@creativecommons.org,female,barrage,other,idoggett52,30,Pakistan,8
184,Alec,,abourdas53@goodreads.com,female,animate weapon,scion,aettles53,129,Brazil,100
185,Vilma,Pinkie,vpinkie54@reddit.com,female,animate weapon,other,vpinkie54,54,Argentina,29
186,,,krosin55@wikispaces.com,female,arctic armour,other,bblockley55,210,Canada,100
187,Nissy,Gleasane,ngleasane56@java.com,female,barrage,other,ngleasane56,66,Bulgaria,64
188,Giffie,Waryk,gwaryk57@google.ru,female,arctic armour,scion,gwaryk57,392,France,100
189,Sapphira,De Simoni,sdesimoni58@51.la,female,barrage,scion,sdesimoni58,310,Russia,100
190,Clo,Davenhall,cdavenhall59@aol.com,female,barrage,other,cdavenhall59,308,Poland,100
191,Terese,Ropkins,tropkins5a@chronoengine.com,female,arctic armour,scion,tropkins5a,22,Uganda,19
192,Annice,Schubart,aschubart5b@over-blog.com,female,animate weapon,other,aschubart5b,44,Germany,1
193,Madelle,McNickle,mmcnickle5c@comsenz.com,female,animate weapon,scion,mmcnickle5c,170,Portugal,100
194,Katherina,Angeau,kangeau5d@technorati.com,female,arctic armour,scion,kangeau5d,347,Greece,100
195,Hazlett,Deplacido,hdeplacido5e@yale.edu,female,barrage,scion,hdeplacido5e,401,Brazil,100
196,,,eandrioni5f@soup.io,female,arctic armour,other,nlovegrove5f,58,Portugal,27
197,Farand,Norsister,fnorsister5g@sohu.com,female,arctic armour,scion,fnorsister5g,316,China,100
198,Isaak,Emmott,iemmott5h@dagondesign.com,female,animate weapon,scion,iemmott5h,352,Indonesia,100
199,,Kneesha,okneesha5i@pen.io,female,arctic armour,other,skneesha5i,206,Czech Republic,100
200,Thorpe,Soonhouse,tsoonhouse5j@jimdo.com,female,arctic armour,other,tsoonhouse5j,397,Serbia,100
201,Zelma,De Pietri,zdepietri5k@fema.gov,female,animate weapon,scion,zdepietri5k,220,United States,100
202,Clarence,,ceggleton5l@ucoz.ru,female,barrage,scion,cticehurst5l,120,Indonesia,100
203,Joelle,,jskillanders5m@about.com,female,arctic armour,other,jdigiacomettino5m,7,Indonesia,8
204,,,sgiffon5n@skyrock.com,female,barrage,other,alinstead5n,285,Philippines,100
205,Pris,Greensitt,pgreensitt5o@last.fm,female,animate weapon,other,pgreensitt5o,191,Kenya,100
206,Aksel,,avaudre5p@ovh.net,female,animate weapon,other,ahamber5p,421,Vanuatu,100
207,Albertina,Seabourne,aseabourne5q@epa.gov,female,animate weapon,scion,aseabourne5q,362,Ukraine,100
208,Florenza,,flutton5r@ucla.edu,female,barrage,other,fharte5r,60,Czech Republic,53
209,Bank,,bwinnett5s@comcast.net,female,barrage,other,bmccorley5s,98,Bulgaria,42
210,Lilith,,lreedie5t@ehow.com,female,barrage,other,lviger5t,187,Colombia,100
211,Rourke,,rshewring5u@aboutads.info,female,arctic armour,other,rbraz5u,350,Russia,100
212,Evan,Saur,esaur5v@mit.edu,female,animate weapon,scion,esaur5v,161,Indonesia,100
213,Markos,,mfassmann5w@lulu.com,female,barrage,scion,mzambonini5w,266,China,100
214,Margaux,Feely,mfeely5x@msn.com,female,barrage,other,mfeely5x,398,Indonesia,100
215,Llewellyn,,lcecil5y@dedecms.com,female,arctic armour,scion,lbeaty5y,144,Russia,100
216,Cassius,Northcote,cnorthcote5z@lycos.com,female,barrage,other,cnorthcote5z,221,Sweden,100
217,Tisha,,tfotheringham60@webs.com,female,arctic armour,scion,tvallintine60,300,Hungary,100
218,Lauritz,,liacovuzzi61@yandex.ru,female,barrage,scion,lsedgemond61,20,Estonia,3
219,Abagael,,aewin62@upenn.edu,female,arctic armour,other,aisacq62,269,Sweden,100
220,Hogan,Dallyn,hdallyn63@apache.org,female,arctic armour,scion,hdallyn63,325,Portugal,100
221,Tyrone,Rickets,trickets64@imgur.com,female,animate weapon,scion,trickets64,118,Ireland,52
222,Corny,,cglenister65@sbwire.com,female,animate weapon,other,csummerill65,45,Sweden,25
223,Giraldo,Leist,gleist66@army.mil,female,arctic armour,scion,gleist66,285,Brazil,100
224,Eloise,Deathridge,edeathridge67@wiley.com,female,arctic armour,other,edeathridge67,405,Chad,100
225,Verile,,vtilberry68@photobucket.com,female,arctic armour,other,vransbury68,355,Mexico,100
226,,Seman,eseman69@newyorker.com,female,barrage,other,dseman69,259,Russia,100
227,Kahaleel,,kvescovo6a@imdb.com,female,arctic armour,other,kcristofolo6a,389,China,100
228,Gwenore,,gmacloughlin6b@skype.com,female,barrage,scion,gmaccarlich6b,220,China,100
229,Denni,,dkobpa6c@pinterest.com,female,barrage,other,dingleby6c,262,Myanmar,100
230,Egan,Prest,eprest6d@engadget.com,female,arctic armour,other,eprest6d,305,Portugal,100
231,Noelyn,Benedettini,nbenedettini6e@cocolog-nifty.com,female,animate weapon,scion,nbenedettini6e,80,Czech Republic,32
232,Dee,,dlodden6f@homestead.com,female,arctic armour,other,dternault6f,124,China,100
233,Neille,,nbreckenridge6g@ftc.gov,female,barrage,scion,nmurison6g,184,China,100
234,Korie,,kfarmloe6h@scribd.com,female,animate weapon,other,kstanyforth6h,349,Micronesia,100
235,Abdul,,aleahey6i@free.fr,female,barrage,other,agenery6i,142,New Caledonia,100
236,Pierce,Tinklin,ptinklin6j@netscape.com,female,barrage,scion,ptinklin6j,108,Indonesia,31
237,Upton,,ujeremiah6k@mayoclinic.com,female,arctic armour,scion,ulambis6k,140,China,100
238,Kristopher,,kcooch6l@nature.com,female,animate weapon,scion,kmartugin6l,172,Honduras,100
239,Jacob,,jcuphus6m@indiegogo.com,female,arctic armour,other,jmackowle6m,279,Russia,100
240,Jean,Groveham,jgroveham6n@mozilla.com,female,barrage,scion,jgroveham6n,13,Philippines,6
241,Anstice,Chaucer,achaucer6o@ihg.com,female,arctic armour,scion,achaucer6o,330,Netherlands,100
242,Felice,Bernholt,fbernholt6p@ihg.com,female,animate weapon,other,fbernholt6p,235,Luxembourg,100
243,James,Scarlan,jscarlan6q@phpbb.com,female,arctic armour,scion,jscarlan6q,307,Japan,100
244,,Newvell,hnewvell6r@ow.ly,female,barrage,scion,bnewvell6r,163,Indonesia,100
245,Fania,,fholbury6s@oaic.gov.au,female,animate weapon,other,fcrane6s,200,Indonesia,100
246,Kylie,,kdye6t@whitehouse.gov,female,barrage,scion,kwinchurst6t,202,China,100
247,,,jnutty6u@foxnews.com,female,barrage,scion,nbasire6u,1,China,21
248,Prentiss,,pnorbury6v@imdb.com,female,animate weapon,scion,pblodg6v,409,Russia,100
249,Rosamund,,rshillitto6w@soundcloud.com,female,barrage,other,rdenisevich6w,182,Bangladesh,100
250,Vergil,Lambird,vlambird6x@bravesites.com,female,barrage,other,vlambird6x,124,Denmark,100
251,Gabriel,Kleyn,gkleyn6y@hhs.gov,female,arctic armour,other,gkleyn6y,391,Finland,100
252,,Auton,lauton6z@sciencedirect.com,female,arctic armour,other,mauton6z,16,Portugal,11
253,Ahmad,Godmar,agodmar70@yellowbook.com,female,arctic armour,scion,agodmar70,58,Portugal,35
254,Marybeth,,mmelly71@apple.com,female,barrage,other,mmcquillan71,122,Argentina,100
255,Rutherford,Fanton,rfanton72@ebay.com,female,arctic armour,other,rfanton72,66,Philippines,46
256,Vick,Westney,vwestney73@yolasite.com,female,barrage,scion,vwestney73,140,France,100
257,Marieann,Villalta,mvillalta74@ehow.com,female,animate weapon,scion,mvillalta74,353,Brazil,100
258,Louis,Stockwell,lstockwell75@unc.edu,female,barrage,other,lstockwell75,292,China,100
259,Sybille,Ende,sende76@cam.ac.uk,female,animate weapon,scion,sende76,394,Brazil,100
260,Jens,Boadby,jboadby77@gnu.org,female,barrage,other,jboadby77,444,China,100
261,Sheba,Heenan,sheenan78@europa.eu,female,barrage,other,sheenan78,312,China,100
262,Felita,Dungay,fdungay79@techcrunch.com,female,arctic armour,other,fdungay79,89,China,32
263,Gerhardt,Tows,gtows7a@ocn.ne.jp,female,animate weapon,scion,gtows7a,349,Philippines,100
264,,Flintoft,kflintoft7b@yahoo.co.jp,female,arctic armour,scion,rflintoft7b,326,China,100
265,Gal,Izkovicz,gizkovicz7c@jalbum.net,female,arctic armour,scion,gizkovicz7c,212,China,100
266,Reine,,rframmingham7d@acquirethisname.com,female,barrage,scion,rtobias7d,36,Philippines,14
267,,,rwyper7e@g.co,female,arctic armour,scion,osicily7e,66,Greece,68
268,Niven,Opfer,nopfer7f@smugmug.com,female,barrage,scion,nopfer7f,299,France,100
269,,Gillan,kgillan7g@furl.net,female,arctic armour,other,jgillan7g,426,Russia,100
270,Janek,Semken,jsemken7h@narod.ru,female,barrage,scion,jsemken7h,20,Indonesia,13
271,Ber,,bmoscon7i@goo.ne.jp,female,barrage,scion,beates7i,300,Russia,100
272,Barn,Robison,brobison7j@hp.com,female,barrage,other,brobison7j,219,Russia,100
273,Domini,Luttger,dluttger7k@abc.net.au,female,animate weapon,other,dluttger7k,275,Indonesia,100
274,Deva,,dmeneur7l@aboutads.info,female,arctic armour,scion,dmcadam7l,333,South Korea,100
275,Garry,Deane,gdeane7m@cargocollective.com,female,animate weapon,scion,gdeane7m,2,Argentina,1
276,Perceval,,pblackaller7n@go.com,female,barrage,other,psackes7n,17,Sweden,16
277,Trumann,Codner,tcodner7o@pinterest.com,female,animate weapon,scion,tcodner7o,189,Peru,100
278,Rasia,Layfield,rlayfield7p@bbc.co.uk,female,animate weapon,scion,rlayfield7p,66,Denmark,70
279,Shoshana,Shenton,sshenton7q@thetimes.co.uk,female,barrage,scion,sshenton7q,61,Portugal,57
280,Ulrikaumeko,,usandhill7r@va.gov,female,barrage,scion,ubecke7r,431,Ethiopia,100
281,Courtney,Dana,cdana7s@cbc.ca,female,arctic armour,scion,cdana7s,448,Philippines,100
282,Patricio,Jehaes,pjehaes7t@exblog.jp,female,barrage,scion,pjehaes7t,331,China,100
283,Temp,Kramer,tkramer7u@va.gov,female,arctic armour,scion,tkramer7u,14,Colombia,22
284,,,ckeppel7v@nyu.edu,female,barrage,scion,adetoile7v,105,Bulgaria,51
285,Bendick,Linstead,blinstead7w@360.cn,female,barrage,scion,blinstead7w,392,South Korea,100
286,Anica,Loynton,aloynton7x@mlb.com,female,animate weapon,other,aloynton7x,287,Czech Republic,100
287,,Currm,acurrm7y@friendfeed.com,female,barrage,scion,kcurrm7y,387,Brazil,100
288,Amargo,Bullcock,abullcock7z@amazon.co.jp,female,barrage,scion,abullcock7z,358,Philippines,100
289,Dalenna,,dbransgrove80@washingtonpost.com,female,arctic armour,scion,dfolger80,259,Sudan,100
290,Rinaldo,,rcannaway81@gov.uk,female,arctic armour,other,rsaulter81,132,Indonesia,100
291,Jess,Gillow,jgillow82@jigsy.com,female,animate weapon,scion,jgillow82,277,Indonesia,100
292,Kelwin,,kdrew83@webnode.com,female,arctic armour,other,kwalisiak83,83,Philippines,42
293,Freddy,Maase,fmaase84@state.tx.us,female,barrage,other,fmaase84,363,Democratic Republic of the Congo,100
294,Edan,,edriuzzi85@istockphoto.com,female,animate weapon,scion,ehowton85,180,Russia,100
295,Byron,,bnorsister86@nature.com,female,barrage,scion,bspellesy86,414,Russia,100
296,Tedi,Riddlesden,triddlesden87@51.la,female,barrage,other,triddlesden87,421,Philippines,100
297,Kakalina,O'Kane,kokane88@booking.com,female,barrage,other,kokane88,346,Philippines,100
298,,Mccaull,amccaull89@pen.io,female,barrage,other,dmccaull89,281,Indonesia,100
299,Gretel,Meindl,gmeindl8a@state.tx.us,female,arctic armour,other,gmeindl8a,286,Indonesia,100
300,Winona,Ellerbeck,wellerbeck8b@soundcloud.com,female,barrage,scion,wellerbeck8b,381,Russia,100
301,Gannon,,gduprey8c@google.co.jp,female,animate weapon,scion,gmowling8c,169,Indonesia,100
302,Monroe,Gonzalvo,mgonzalvo8d@springer.com,female,barrage,other,mgonzalvo8d,364,Philippines,100
303,,Lipscomb,elipscomb8e@alibaba.com,female,arctic armour,other,mlipscomb8e,385,Colombia,100
304,Valentina,Knappen,vknappen8f@reverbnation.com,female,animate weapon,other,vknappen8f,47,China,12
305,Roderic,,rscarlin8g@narod.ru,female,barrage,other,rpozzo8g,186,China,100
306,Roberta,Breming,rbreming8h@washington.edu,female,arctic armour,other,rbreming8h,377,Russia,100
307,Vite,Guillot,vguillot8i@wikispaces.com,female,animate weapon,scion,vguillot8i,247,Ukraine,100
308,Eldin,Layson,elayson8j@europa.eu,female,animate weapon,other,elayson8j,227,Iran,100
309,Sydelle,,sdanzey8k@usda.gov,female,barrage,other,sskivington8k,367,Poland,100
310,Linc,,lmcguckin8l@mtv.com,female,animate weapon,scion,llouys8l,200,Sweden,100
311,Arri,,ahallitt8m@amazon.com,female,animate weapon,other,abenardette8m,111,China,51
312,Tonnie,Kerfod,tkerfod8n@senate.gov,female,barrage,other,tkerfod8n,115,China,59
313,Silvia,MacGettigen,smacgettigen8o@jiathis.com,female,animate weapon,other,smacgettigen8o,14,Indonesia,22
314,Clarance,Di Carlo,cdicarlo8p@technorati.com,female,barrage,other,cdicarlo8p,33,Canada,22
315,Bert,,bmays8q@opera.com,female,barrage,scion,battrie8q,31,Indonesia,3
316,Lorene,Blamey,lblamey8r@bravesites.com,female,barrage,other,lblamey8r,323,Portugal,100
317,Muffin,,madenet8s@smugmug.com,female,barrage,scion,maubin8s,62,Norway,52
318,Maddalena,Rooper,mrooper8t@census.gov,female,animate weapon,other,mrooper8t,140,Indonesia,100
319,Aristotle,Heymann,aheymann8u@booking.com,female,arctic armour,scion,aheymann8u,199,China,100
320,Elli,,eshuxsmith8v@1und1.de,female,animate weapon,scion,edisman8v,30,Iraq,9
321,Cammy,Scartifield,cscartifield8w@taobao.com,female,barrage,scion,cscartifield8w,209,Philippines,100
322,Yorke,Rathmell,yrathmell8x@paginegialle.it,female,arctic armour,other,yrathmell8x,212,Dominican Republic,100
323,Sally,Chapman,schapman8y@va.gov,female,barrage,scion,schapman8y,214,Russia,100
324,Nanine,Guppy,nguppy8z@cocolog-nifty.com,female,barrage,other,nguppy8z,383,Poland,100
325,Rycca,Gonoude,rgonoude90@squidoo.com,female,barrage,scion,rgonoude90,227,Brazil,100
326,Eolande,,efumagallo91@gravatar.com,female,arctic armour,other,efessby91,431,Israel,100
327,Anders,Rosle,arosle92@webeden.co.uk,female,barrage,other,arosle92,166,Kosovo,100
328,Aube,Carbin,acarbin93@sfgate.com,female,arctic armour,scion,acarbin93,414,France,100
329,Shellysheldon,,smennithorp94@techcrunch.com,female,barrage,scion,smerrison94,345,Slovenia,100
330,Conni,,cjacobowicz95@noaa.gov,female,barrage,scion,cbroadfield95,349,China,100
331,Klara,,kmagister96@howstuffworks.com,female,arctic armour,other,krussell96,129,Brazil,100
332,,,mreuble97@com.com,female,arctic armour,other,mjeyness97,251,Philippines,100
333,,,vfontanet98@yahoo.com,female,barrage,scion,hmates98,112,Ukraine,50
334,Aile,,aspinks99@umn.edu,female,arctic armour,other,afinlater99,202,Greece,100
335,Veriee,Voisey,vvoisey9a@creativecommons.org,female,barrage,other,vvoisey9a,99,Poland,50
336,Danella,,drising9b@netvibes.com,female,animate weapon,other,dyeardley9b,116,Sweden,32
337,Paddy,Gally,pgally9c@vinaora.com,female,barrage,other,pgally9c,260,Ivory Coast,100
338,Marylinda,Oxlee,moxlee9d@digg.com,female,barrage,scion,moxlee9d,133,China,100
339,Ondrea,,omulqueen9e@nymag.com,female,barrage,other,omillar9e,249,China,100
340,Errol,,eygoe9f@etsy.com,female,animate weapon,other,emagrannell9f,58,Jamaica,60
341,Swen,Webber,swebber9g@abc.net.au,female,barrage,scion,swebber9g,308,Russia,100
342,Morry,Sandcraft,msandcraft9h@issuu.com,female,animate weapon,scion,msandcraft9h,411,Albania,100
343,Gypsy,,gmein9i@nasa.gov,female,barrage,scion,gchumley9i,284,Brazil,100
344,Trudy,Burnett,tburnett9j@livejournal.com,female,arctic armour,scion,tburnett9j,115,Philippines,28
345,Pier,,phigford9k@a8.net,female,barrage,scion,pbeernaert9k,354,Russia,100
346,,Lorent,alorent9l@studiopress.com,female,barrage,scion,alorent9l,257,Portugal,100
347,Salomone,Sidlow,ssidlow9m@nbcnews.com,female,barrage,scion,ssidlow9m,30,China,20
348,Sarina,Byllam,sbyllam9n@abc.net.au,female,barrage,other,sbyllam9n,9,China,22
349,,Fetherstan,tfetherstan9o@wiley.com,female,barrage,other,afetherstan9o,411,Philippines,100
350,,Jellard,djellard9p@intel.com,female,barrage,scion,kjellard9p,97,Indonesia,65
351,Curr,Petegree,cpetegree9q@wp.com,female,barrage,scion,cpetegree9q,253,Brazil,100
352,Lamond,,liffe9r@state.tx.us,female,barrage,scion,llawtey9r,377,China,100
353,Chris,,cscading9s@linkedin.com,female,animate weapon,scion,cbroome9s,416,China,100
354,Ignacius,Blowing,iblowing9t@domainmarket.com,female,arctic armour,other,iblowing9t,34,China,17
355,Rhianna,,rrosten9u@com.com,female,barrage,other,rbrownscombe9u,372,Indonesia,100
356,Tallulah,Bog,tbog9v@cnbc.com,female,barrage,scion,tbog9v,49,Portugal,6
357,Marchall,,mrennebeck9w@mediafire.com,female,barrage,scion,mbatchan9w,242,Portugal,100
358,Ruggiero,,rbeche9x@printfriendly.com,female,barrage,other,rmathias9x,317,Finland,100
359,Gerrie,Wakerley,gwakerley9y@merriam-webster.com,female,barrage,other,gwakerley9y,247,Thailand,100
360,Whitaker,,wbonass9z@friendfeed.com,female,arctic armour,other,wlayburn9z,333,Czech Republic,100
361,Guillemette,Amies,gamiesa0@rambler.ru,female,arctic armour,other,gamiesa0,205,China,100
362,Elsie,Korneichuk,ekorneichuka1@ifeng.com,female,barrage,scion,ekorneichuka1,409,Japan,100
363,Luis,Dytham,ldythama2@craigslist.org,female,animate weapon,scion,ldythama2,362,Indonesia,100
364,Vitia,Ffrench,vffrencha3@bigcartel.com,female,barrage,scion,vffrencha3,82,Colombia,69
365,Curcio,,cburnsydea4@weibo.com,female,arctic armour,scion,ccompsona4,201,Indonesia,100
366,Carilyn,Bartke,cbartkea5@reddit.com,female,arctic armour,other,cbartkea5,424,China,100
367,,,shurlera6@shareasale.com,female,animate weapon,scion,smongana6,64,Indonesia,25
368,Paulo,,pdurbyna7@printfriendly.com,female,barrage,other,pjerdeina7,10,China,21
369,Janella,Reaper,jreapera8@qq.com,female,arctic armour,other,jreapera8,240,Argentina,100
370,Gregor,Wild,gwilda9@nps.gov,female,barrage,scion,gwilda9,284,Mongolia,100
371,Reeba,Barthorpe,rbarthorpeaa@irs.gov,female,barrage,scion,rbarthorpeaa,349,Sweden,100
372,Judye,Lawdham,jlawdhamab@biglobe.ne.jp,female,barrage,scion,jlawdhamab,241,Peru,100
373,Wright,,wcranshawac@prnewswire.com,female,barrage,other,wyurlovac,104,Venezuela,34
374,Calvin,Girdler,cgirdlerad@g.co,female,barrage,scion,cgirdlerad,109,Albania,61
375,Ameline,Durbridge,adurbridgeae@hao123.com,female,animate weapon,other,adurbridgeae,77,Indonesia,39
376,Land,Grahame,lgrahameaf@canalblog.com,female,arctic armour,scion,lgrahameaf,370,Russia,100
377,Waly,Rapo,wrapoag@yandex.ru,female,animate weapon,other,wrapoag,252,Philippines,100
378,Lionel,Kertess,lkertessah@vimeo.com,female,barrage,other,lkertessah,53,Brazil,32
379,Violette,Cheves,vchevesai@instagram.com,female,arctic armour,other,vchevesai,146,China,100
380,Emmit,,edurnoaj@apple.com,female,barrage,other,eskateaj,88,Russia,70
381,Manya,Trimbey,mtrimbeyak@forbes.com,female,barrage,other,mtrimbeyak,253,Ukraine,100
382,Edouard,,eleysal@domainmarket.com,female,barrage,scion,edurnallal,23,Brazil,25
383,Johna,Monaghan,jmonaghanam@marriott.com,female,arctic armour,scion,jmonaghanam,34,United States,12
384,Beatrisa,,bfarnorthan@hao123.com,female,animate weapon,other,bguerreroan,158,Syria,100
385,Maggy,,mmateescuao@yelp.com,female,animate weapon,scion,mjosefsonao,139,South Africa,100
386,Abigail,,akellickap@ustream.tv,female,barrage,scion,agingerap,56,Malta,64
387,Marylou,Samwyse,msamwyseaq@mlb.com,female,animate weapon,scion,msamwyseaq,259,China,100
388,Xaviera,Stowgill,xstowgillar@mayoclinic.com,female,barrage,scion,xstowgillar,54,China,48
389,Ashely,,adillingstoneas@sogou.com,female,animate weapon,other,aannakinas,406,United States,100
390,Melamie,Skipping,mskippingat@dailymail.co.uk,female,arctic armour,other,mskippingat,439,Egypt,100
391,Garvin,Ranscomb,granscombau@ft.com,female,animate weapon,other,granscombau,129,Vietnam,100
392,Arleta,Dallander,adallanderav@latimes.com,female,animate weapon,other,adallanderav,80,Albania,37
393,Freemon,Jamot,fjamotaw@nasa.gov,female,barrage,other,fjamotaw,233,Russia,100
394,Packston,,pbelliniax@nationalgeographic.com,female,animate weapon,other,pkenlinax,294,China,100
395,Benedetta,Espinal,bespinalay@china.com.cn,female,animate weapon,scion,bespinalay,416,Sweden,100
396,Natale,Saleway,nsalewayaz@who.int,female,barrage,other,nsalewayaz,393,Poland,100
397,Tannie,,thansberryb0@usa.gov,female,barrage,scion,telveyb0,27,Indonesia,11
398,Leeanne,,ltatloweb1@miitbeian.gov.cn,female,animate weapon,scion,lgisburneb1,220,Tunisia,100
399,Wildon,Savins,wsavinsb2@hubpages.com,female,animate weapon,scion,wsavinsb2,357,Uruguay,100
400,Carmine,,cabelesb3@about.me,female,barrage,scion,cgirodonb3,14,Greece,21
401,Ardelia,,apetrasb4@deliciousdays.com,female,barrage,scion,awiddocksb4,388,South Africa,100
402,Marlon,,mtschirascheb5@seattletimes.com,female,barrage,scion,mmedlingb5,26,Armenia,17
403,Joli,,jgerrieb6@ebay.com,female,animate weapon,scion,jhedworthb6,321,Philippines,100
404,Tiebout,O'Hollegan,toholleganb7@godaddy.com,female,arctic armour,scion,toholleganb7,303,Philippines,100
405,Ros,,rlesmondeb8@abc.net.au,female,barrage,other,rtebaldb8,94,China,39
406,Berte,,bcaughtb9@booking.com,female,barrage,other,bbrosinib9,139,Vietnam,100
407,Babita,Brushneen,bbrushneenba@netlog.com,female,barrage,other,bbrushneenba,335,Macedonia,100
408,Brina,Greendale,bgreendalebb@themeforest.net,female,barrage,scion,bgreendalebb,92,China,68
409,Cherilyn,Bracegirdle,cbracegirdlebc@marriott.com,female,barrage,other,cbracegirdlebc,355,Russia,100
410,Arabella,Pierrepont,apierrepontbd@gov.uk,female,arctic armour,scion,apierrepontbd,321,Philippines,100
411,Julian,Piecha,jpiechabe@naver.com,female,animate weapon,other,jpiechabe,338,Serbia,100
412,Garry,,gcutrissbf@newyorker.com,female,barrage,other,gjaggerbf,178,Portugal,100
413,,,cdowniebg@miibeian.gov.cn,female,barrage,scion,mflackebg,292,Belarus,100
414,Hynda,,hbevenbh@networksolutions.com,female,arctic armour,scion,hflickerbh,307,Nigeria,100
415,Hilario,,hgrahlmansbi@bloglovin.com,female,arctic armour,scion,hskermebi,365,Indonesia,100
416,Mercedes,Roylance,mroylancebj@printfriendly.com,female,animate weapon,scion,mroylancebj,47,Pakistan,17
417,,Oret,loretbk@com.com,female,arctic armour,scion,aoretbk,28,Guatemala,21
418,Petronille,Christoforou,pchristoforoubl@zimbio.com,female,arctic armour,other,pchristoforoubl,87,Paraguay,54
419,,Le-Good,nlegoodbm@yellowbook.com,female,barrage,scion,wlegoodbm,17,Netherlands,1
420,Raynell,Hanselmann,rhanselmannbn@marriott.com,female,animate weapon,scion,rhanselmannbn,296,Brazil,100
421,Camilla,,cshoemarkbo@timesonline.co.uk,female,barrage,other,croughleybo,374,Namibia,100
422,Jacinta,Broddle,jbroddlebp@networksolutions.com,female,barrage,other,jbroddlebp,351,Poland,100
423,,Angric,mangricbq@mozilla.org,female,barrage,other,kangricbq,96,Indonesia,48
424,Pammie,,pkalbererbr@fda.gov,female,animate weapon,scion,pmahmoodbr,366,Greece,100
425,Gallagher,Gomersall,ggomersallbs@ezinearticles.com,female,barrage,other,ggomersallbs,108,Philippines,36
426,,Hanshawe,ahanshawebt@vk.com,female,barrage,other,rhanshawebt,80,Chile,44
427,Ranna,Franseco,rfransecobu@nytimes.com,female,arctic armour,scion,rfransecobu,160,Philippines,100
428,Stormy,Jeenes,sjeenesbv@ebay.co.uk,female,animate weapon,scion,sjeenesbv,131,Argentina,100
429,Lucilia,Bill,lbillbw@ucla.edu,female,animate weapon,scion,lbillbw,34,Argentina,4
430,,Thickins,gthickinsbx@usnews.com,female,animate weapon,other,fthickinsbx,412,Indonesia,100
431,Corty,,cwewellby@spotify.com,female,animate weapon,other,ccageby,68,Portugal,55
432,Kermit,Kelling,kkellingbz@webnode.com,female,arctic armour,other,kkellingbz,81,Indonesia,54
433,Casar,Ironside,cironsidec0@hexun.com,female,barrage,scion,cironsidec0,131,Indonesia,100
434,Alf,,awalshc1@sogou.com,female,barrage,other,ajicklesc1,186,Greece,100
435,Pammie,Wyndham,pwyndhamc2@zimbio.com,female,animate weapon,scion,pwyndhamc2,282,Russia,100
436,,,mchalcroftc3@sakura.ne.jp,female,barrage,other,mlukeschc3,215,Russia,100
437,Algernon,,abirtlesc4@ed.gov,female,barrage,scion,aolliffec4,446,Russia,100
438,Rockie,Alejo,ralejoc5@mapy.cz,female,barrage,scion,ralejoc5,361,Philippines,100
439,,,gratledgec6@1688.com,female,arctic armour,scion,efalconerc6,192,Argentina,100
440,Leanor,,llednorc7@plala.or.jp,female,barrage,scion,lgreatbankc7,134,Greece,100
441,Sandro,Lovett,slovettc8@fc2.com,female,barrage,scion,slovettc8,183,Brazil,100
442,Domingo,Cottell,dcottellc9@booking.com,female,arctic armour,other,dcottellc9,173,Germany,100
443,Zackariah,Wrassell,zwrassellca@reverbnation.com,female,barrage,other,zwrassellca,322,China,100
444,Reggie,Backsal,rbacksalcb@etsy.com,female,barrage,other,rbacksalcb,213,China,100
445,Roxy,Denniston,rdennistoncc@soup.io,female,animate weapon,scion,rdennistoncc,436,China,100
446,,,aveverscd@merriam-webster.com,female,barrage,other,dhubbockcd,391,China,100
447,Leonard,,lcrosence@dion.ne.jp,female,animate weapon,scion,lkisbeece,155,China,100
448,Read,Stovin,rstovincf@istockphoto.com,female,arctic armour,other,rstovincf,41,Portugal,22
449,Willette,,wsizlandcg@twitpic.com,female,barrage,scion,wandreascg,393,Indonesia,100
450,Blanca,,bcopingch@independent.co.uk,female,barrage,other,bbewlych,148,China,100
451,Anetta,,amilwardci@google.co.jp,female,barrage,other,apopleyci,13,Indonesia,12
452,Aurlie,,asamsoncj@squidoo.com,female,animate weapon,other,astrathdeecj,230,Indonesia,100
453,Amalee,Marke,amarkeck@dropbox.com,female,animate weapon,scion,amarkeck,108,Canada,64
454,Doreen,,dmactrustramcl@berkeley.edu,female,barrage,other,dblacklercl,29,China,13
455,Karrie,McAusland,kmcauslandcm@discuz.net,female,animate weapon,scion,kmcauslandcm,403,Indonesia,100
456,Jacynth,Ridgedell,jridgedellcn@umn.edu,female,barrage,other,jridgedellcn,112,China,70
457,Richmond,Spurnier,rspurnierco@disqus.com,female,animate weapon,other,rspurnierco,111,France,35
458,Torrance,Triplow,ttriplowcp@umn.edu,female,arctic armour,scion,ttriplowcp,383,Indonesia,100
459,Drucy,,dmorloncq@about.com,female,animate weapon,scion,dpaschkecq,26,China,1
460,Tobiah,Jaffra,tjaffracr@pen.io,female,barrage,scion,tjaffracr,300,Thailand,100
461,,Dotson,udotsoncs@bizjournals.com,female,arctic armour,other,mdotsoncs,94,Honduras,67
462,Keeley,,kpettigreect@telegraph.co.uk,female,arctic armour,other,kbransdenct,161,Russia,100
463,Etan,Abbot,eabbotcu@bbb.org,female,animate weapon,other,eabbotcu,36,Venezuela,8
464,Rowland,Fiddiman,rfiddimancv@mlb.com,female,animate weapon,scion,rfiddimancv,321,Pakistan,100
465,Cloris,,cbarendtsencw@ow.ly,female,animate weapon,other,cnellcw,259,Russia,100
466,Lucia,Phelip,lphelipcx@ucoz.ru,female,animate weapon,scion,lphelipcx,109,Philippines,44
467,Eyde,Parlot,eparlotcy@berkeley.edu,female,barrage,other,eparlotcy,390,China,100
468,Bengt,Donohue,bdonohuecz@sun.com,female,barrage,other,bdonohuecz,296,Kenya,100
469,Koo,,kosmand0@amazonaws.com,female,barrage,scion,karmfirldd0,399,China,100
470,Patin,Mocher,pmocherd1@newsvine.com,female,arctic armour,scion,pmocherd1,65,Indonesia,56
471,Karleen,,kpawled2@apple.com,female,animate weapon,other,kmattockd2,142,China,100
472,Ivy,,ifreaked3@statcounter.com,female,animate weapon,other,ipoulneyd3,409,France,100
473,Maisey,,mgurryd4@tiny.cc,female,barrage,other,mlasseterd4,299,Russia,100
474,June,Whistance,jwhistanced5@indiatimes.com,female,animate weapon,scion,jwhistanced5,4,Russia,16
475,Fanny,Gillcrist,fgillcristd6@plala.or.jp,female,barrage,other,fgillcristd6,276,Philippines,100
476,Kareem,,ktomczynskid7@cyberchimps.com,female,animate weapon,other,klascelld7,144,Philippines,100
477,Dimitry,Hinchon,dhinchond8@ifeng.com,female,barrage,other,dhinchond8,215,Portugal,100
478,Gregg,,glitzmannd9@tinyurl.com,female,animate weapon,other,gcarniliand9,165,Philippines,100
479,Cassey,,cbestallda@mapquest.com,female,arctic armour,other,cgibbesonda,425,Pakistan,100
480,Sutton,,scancellariodb@china.com.cn,female,arctic armour,other,skeighleydb,175,Canada,100
481,Trix,Escudier,tescudierdc@archive.org,female,barrage,other,tescudierdc,49,Sweden,20
482,Betta,,barkowdd@de.vu,female,barrage,other,badamskydd,113,Poland,44
483,Cindra,Camings,ccamingsde@moonfruit.com,female,animate weapon,other,ccamingsde,176,Indonesia,100
484,Blaire,Kenen,bkenendf@oakley.com,female,barrage,other,bkenendf,275,Greece,100
485,Gregorius,Ambrus,gambrusdg@smugmug.com,female,barrage,scion,gambrusdg,119,China,50
486,Josi,Cornock,jcornockdh@mozilla.org,female,arctic armour,scion,jcornockdh,170,China,100
487,Curry,,ctremaynedi@apache.org,female,arctic armour,scion,cmcgowrandi,339,Sweden,100
488,Alvina,Whytock,awhytockdj@unicef.org,female,arctic armour,other,awhytockdj,430,Indonesia,100
489,Karia,MacGraith,kmacgraithdk@hostgator.com,female,arctic armour,scion,kmacgraithdk,233,Indonesia,100
490,,MacFayden,hmacfaydendl@discuz.net,female,barrage,other,fmacfaydendl,140,China,100
491,Ulrike,,ubilldm@arstechnica.com,female,barrage,scion,uyanshindm,71,Mexico,30
492,Bird,Cleaveland,bcleavelanddn@ibm.com,female,arctic armour,scion,bcleavelanddn,298,Spain,100
493,Hart,Bernardotti,hbernardottido@wordpress.com,female,arctic armour,scion,hbernardottido,84,Iran,63
494,Issie,Duligal,iduligaldp@squarespace.com,female,animate weapon,scion,iduligaldp,364,Russia,100
495,Therese,Thurlby,tthurlbydq@webs.com,female,animate weapon,scion,tthurlbydq,196,Indonesia,100
496,Patsy,Wyness,pwynessdr@ocn.ne.jp,female,arctic armour,scion,pwynessdr,318,Russia,100
497,Cherie,Sitlinton,csitlintonds@smugmug.com,female,barrage,other,csitlintonds,438,Sweden,100
498,,,fschimekdt@ft.com,female,animate weapon,other,cwewelldt,109,Colombia,37
499,Idelle,Djekovic,idjekovicdu@xing.com,female,barrage,other,idjekovicdu,407,United States,100
500,,Spanswick,hspanswickdv@berkeley.edu,female,barrage,other,cspanswickdv,398,Indonesia,100
501,Tod,,tmayoudw@stumbleupon.com,female,arctic armour,scion,tgraceydw,320,Colombia,100
502,Vi,Rawll,vrawlldx@hp.com,female,barrage,scion,vrawlldx,206,Indonesia,100
503,Janean,Leaves,jleavesdy@jigsy.com,female,barrage,other,jleavesdy,278,Peru,100
504,Paxton,Sparkes,psparkesdz@qq.com,female,barrage,other,psparkesdz,132,China,100
505,Jobi,Tackley,jtackleye0@salon.com,female,animate weapon,other,jtackleye0,429,Afghanistan,100
506,Clair,,cbrunkere1@globo.com,female,arctic armour,other,cmalshingere1,155,Netherlands,100
507,Laird,,lpollingtone2@gnu.org,female,arctic armour,other,lgullande2,253,Belarus,100
508,Papageno,,pmcgrathe3@scribd.com,female,barrage,other,pibotsone3,315,Chad,100
509,Gunar,,gjenceye4@nifty.com,female,barrage,scion,galldrede4,247,Israel,100
510,Gunther,Sailer,gsailere5@sciencedaily.com,female,barrage,scion,gsailere5,405,Portugal,100
511,Lyle,,lbrokenbrowe6@youtube.com,female,barrage,scion,lgerckene6,36,China,8
512,Amelia,Peartree,apeartreee7@tripadvisor.com,female,animate weapon,scion,apeartreee7,376,Sweden,100
513,Ninette,,npennere8@vimeo.com,female,barrage,other,ngrimsdalee8,319,Indonesia,100
514,Joey,Dean,jdeane9@joomla.org,female,barrage,scion,jdeane9,51,China,37
515,Guinevere,Skitteral,gskitteralea@army.mil,female,animate weapon,other,gskitteralea,78,Czech Republic,36
516,Euell,Admans,eadmanseb@timesonline.co.uk,female,arctic armour,other,eadmanseb,88,China,53
517,Efren,Goodbairn,egoodbairnec@paypal.com,female,barrage,scion,egoodbairnec,332,Argentina,100
518,Karl,,ksearbyed@dmoz.org,female,animate weapon,other,kthornbarrowed,297,Paraguay,100
519,Killy,,khacksbyee@storify.com,female,barrage,scion,kverrillsee,356,Russia,100
520,Guinevere,Lindfors,glindforsef@hibu.com,female,arctic armour,other,glindforsef,89,Russia,29
521,Sterne,,shabershaweg@spotify.com,female,animate weapon,scion,sshirtcliffeeg,231,Ukraine,100
522,Paul,,plavielleeh@kickstarter.com,female,barrage,other,pbecketeh,246,Indonesia,100
523,Pembroke,,pbrixeyei@miitbeian.gov.cn,female,animate weapon,scion,pgiraudouxei,196,Bhutan,100
524,Pierre,,ppealej@dagondesign.com,female,arctic armour,other,psmoothej,280,China,100
525,Shel,Soreau,ssoreauek@cmu.edu,female,arctic armour,other,ssoreauek,343,Russia,100
526,Vivian,,vhousbeyel@artisteer.com,female,arctic armour,other,vklimukel,269,Indonesia,100
527,Ardeen,,abentingem@biblegateway.com,female,barrage,other,amcginnisem,142,United States,100
528,Mariel,Martinon,mmartinonen@dagondesign.com,female,barrage,other,mmartinonen,146,Czech Republic,100
529,Siobhan,Minkin,sminkineo@telegraph.co.uk,female,barrage,other,sminkineo,318,Czech Republic,100
530,Larissa,Fennelly,lfennellyep@cyberchimps.com,female,barrage,scion,lfennellyep,329,China,100
531,Ase,Stoeckle,astoeckleeq@tumblr.com,female,barrage,scion,astoeckleeq,239,Malaysia,100
532,,Zorzutti,nzorzuttier@yahoo.com,female,arctic armour,other,kzorzuttier,29,China,6
533,Aridatha,Goss,agosses@dell.com,female,arctic armour,scion,agosses,48,Madagascar,4
534,Sauncho,,sovenellet@dailymail.co.uk,female,barrage,other,smacaket,6,China,23
535,,,tsealyeu@mayoclinic.com,female,barrage,scion,mbarbyeu,33,United States,20
536,Sheilakathryn,Measey,smeaseyev@bloglines.com,female,animate weapon,scion,smeaseyev,282,Guam,100
537,Willis,,wmapleew@csmonitor.com,female,barrage,scion,wharradew,47,China,19
538,Lucretia,,lcolumex@tmall.com,female,barrage,other,lboughenex,222,China,100
539,Carmine,,cmckeurtoney@geocities.jp,female,barrage,other,cjakabey,19,Japan,23
540,Brittni,Malin,bmalinez@freewebs.com,female,arctic armour,other,bmalinez,300,Brazil,100
541,Arty,,asouthcombef0@seattletimes.com,female,barrage,scion,aswiffanf0,5,Kyrgyzstan,4
542,,Lillo,dlillof1@oakley.com,female,arctic armour,other,slillof1,403,China,100
543,Danyette,Josefs,djosefsf2@w3.org,female,arctic armour,scion,djosefsf2,370,China,100
544,,Downes,vdownesf3@dailymotion.com,female,barrage,scion,mdownesf3,140,Kenya,100
545,Karoline,Arundale,karundalef4@thetimes.co.uk,female,barrage,other,karundalef4,238,South Georgia and the South Sandwich Islands,100
546,Holden,Wemyss,hwemyssf5@si.edu,female,barrage,scion,hwemyssf5,205,China,100
547,Lilian,,lgrasonf6@amazon.co.uk,female,barrage,other,lbennedsenf6,113,Ukraine,64
548,Neel,,nrennoldsf7@feedburner.com,female,barrage,scion,noutrightf7,325,Philippines,100
549,Normie,,ncormackf8@wiley.com,female,arctic armour,scion,nborlandf8,163,Brazil,100
550,Staci,,sbrisseauf9@shareasale.com,female,arctic armour,scion,sjinkinf9,28,Philippines,9
551,Natividad,,ngrisdalefa@huffingtonpost.com,female,barrage,other,nhaberghamfa,95,Philippines,61
552,Uri,Gras,ugrasfb@adobe.com,female,animate weapon,other,ugrasfb,347,Ivory Coast,100
553,Lesley,Rigby,lrigbyfc@ustream.tv,female,animate weapon,scion,lrigbyfc,406,Indonesia,100
554,Emalee,Sully,esullyfd@1und1.de,female,barrage,scion,esullyfd,277,United States,100
555,,,kechellefe@surveymonkey.com,female,arctic armour,scion,lhartwellfe,101,Colombia,29
556,,Aymes,jaymesff@about.com,female,barrage,scion,naymesff,251,Benin,100
557,Vanya,,vbriggefg@bbb.org,female,barrage,scion,vsimonassifg,394,Bangladesh,100
558,Vale,Simonsson,vsimonssonfh@quantcast.com,female,animate weapon,scion,vsimonssonfh,204,China,100
559,Harlan,,hkarpovfi@auda.org.au,female,animate weapon,other,hselbornefi,378,Greece,100
560,Axel,,askokoefj@github.com,female,animate weapon,scion,acobleyfj,347,Egypt,100
561,Osmund,McAvey,omcaveyfk@paginegialle.it,female,arctic armour,scion,omcaveyfk,404,Poland,100
562,Birgit,,bbardefl@mysql.com,female,barrage,scion,bbyhamfl,291,Indonesia,100
563,Tamas,,tstadenfm@blogger.com,female,barrage,other,tslaineyfm,232,China,100
564,Hort,Muldowney,hmuldowneyfn@storify.com,female,arctic armour,scion,hmuldowneyfn,111,France,34
565,Xylina,Bothe,xbothefo@timesonline.co.uk,female,barrage,other,xbothefo,33,Kazakhstan,5
566,Crystie,Graal,cgraalfp@vkontakte.ru,female,animate weapon,scion,cgraalfp,213,Nigeria,100
567,Aurora,Diviny,adivinyfq@tumblr.com,female,barrage,other,adivinyfq,302,Russia,100
568,Gerrilee,,gculletonfr@163.com,female,arctic armour,other,gperrotfr,153,China,100
569,Arin,Wegener,awegenerfs@arstechnica.com,female,arctic armour,other,awegenerfs,450,Sweden,100
570,Licha,,lmeeksft@seattletimes.com,female,barrage,other,lvancasselft,350,China,100
571,Herb,Meys,hmeysfu@cdbaby.com,female,barrage,scion,hmeysfu,222,Indonesia,100
572,,Aspinal,haspinalfv@php.net,female,animate weapon,other,laspinalfv,71,Sweden,34
573,Parke,McCree,pmccreefw@china.com.cn,female,barrage,other,pmccreefw,130,Djibouti,100
574,Marja,Grigolon,mgrigolonfx@discovery.com,female,arctic armour,scion,mgrigolonfx,297,East Timor,100
575,Petr,Sheirlaw,psheirlawfy@whitehouse.gov,female,arctic armour,scion,psheirlawfy,233,China,100
576,Kerrie,Mortell,kmortellfz@who.int,female,animate weapon,other,kmortellfz,75,China,33
577,Jobi,Missington,jmissingtong0@cafepress.com,female,animate weapon,other,jmissingtong0,71,Dominican Republic,67
578,Blinni,,bliepinsg1@huffingtonpost.com,female,arctic armour,scion,bsilversmidg1,321,Djibouti,100
579,Jacqueline,,jsempillg2@deliciousdays.com,female,arctic armour,other,jvalenssmithg2,123,Israel,100
580,Boonie,Noweak,bnoweakg3@lycos.com,female,animate weapon,other,bnoweakg3,308,Brazil,100
581,Scarface,,skondrachenkog4@mit.edu,female,barrage,scion,soruddeng4,127,Brazil,100
582,Allys,,alansberryg5@google.pl,female,animate weapon,other,aholberryg5,88,Indonesia,31
583,Elora,Sterke,esterkeg6@psu.edu,female,barrage,scion,esterkeg6,203,Thailand,100
584,Cathleen,Ineson,cinesong7@soundcloud.com,female,barrage,other,cinesong7,282,Indonesia,100
585,Granny,Thunnercliffe,gthunnercliffeg8@paypal.com,female,barrage,other,gthunnercliffeg8,229,Colombia,100
586,Cirillo,,cmattong9@clickbank.net,female,arctic armour,other,cthomblesong9,173,Brazil,100
587,Debby,Beekmann,dbeekmannga@soup.io,female,arctic armour,scion,dbeekmannga,403,Republic of the Congo,100
588,Eadie,,ebartlegb@arizona.edu,female,arctic armour,scion,eleborgnegb,284,China,100
589,,Defau,sdefaugc@alibaba.com,female,barrage,other,bdefaugc,165,Ethiopia,100
590,Naomi,Oswell,noswellgd@ucsd.edu,female,barrage,other,noswellgd,197,Peru,100
591,Wilie,Tisor,wtisorge@theatlantic.com,female,barrage,other,wtisorge,324,Indonesia,100
592,,Carden,wcardengf@addtoany.com,female,animate weapon,other,rcardengf,137,France,100
593,Elvina,McPaik,emcpaikgg@amazon.co.jp,female,animate weapon,scion,emcpaikgg,347,Poland,100
594,Carolee,Larwell,clarwellgh@devhub.com,female,arctic armour,scion,clarwellgh,22,Belize,22
595,Winnifred,,wmazellagi@ted.com,female,animate weapon,other,wjarnellgi,296,Indonesia,100
596,Reggie,Earwicker,rearwickergj@washingtonpost.com,female,barrage,scion,rearwickergj,279,Thailand,100
597,Noami,Slate,nslategk@disqus.com,female,animate weapon,scion,nslategk,184,United States,100
598,,,alenahangl@hatena.ne.jp,female,barrage,scion,tcarsberggl,273,Philippines,100
599,Mufi,,mkusickgm@archive.org,female,animate weapon,scion,mthandigm,99,Portugal,59
600,Malanie,Bignall,mbignallgn@mayoclinic.com,female,animate weapon,scion,mbignallgn,256,Ecuador,100
601,Franny,Dunk,fdunkgo@icio.us,female,arctic armour,scion,fdunkgo,245,Brazil,100
602,Gabi,Franzoli,gfranzoligp@answers.com,female,arctic armour,other,gfranzoligp,427,Vietnam,100
603,Roldan,Bodiam,rbodiamgq@vinaora.com,female,barrage,scion,rbodiamgq,23,China,23
604,Corey,,csonegr@msn.com,female,barrage,other,croddagr,396,United States,100
605,Joanie,,jdagostinogs@feedburner.com,female,barrage,scion,jboiggs,210,Philippines,100
606,,,etiernangt@google.es,female,arctic armour,other,hcancellariogt,137,China,100
607,,,gkhristyukhingu@networksolutions.com,female,barrage,scion,jschimanngu,81,France,43
608,Grenville,Marqyes,gmarqyesgv@myspace.com,female,barrage,scion,gmarqyesgv,58,Poland,59
609,Manny,,mhauchgw@economist.com,female,arctic armour,other,mransteadgw,354,Ghana,100
610,Angele,Danihelka,adanihelkagx@accuweather.com,female,barrage,scion,adanihelkagx,108,Indonesia,52
611,,,nvennersgy@shinystat.com,female,arctic armour,other,fshawcroftgy,100,Finland,27
612,,Collisson,acollissongz@baidu.com,female,barrage,scion,gcollissongz,313,Japan,100
613,,,fdavidovicih0@home.pl,female,barrage,scion,vburnsh0,126,Russia,100
614,Bat,Maharey,bmahareyh1@examiner.com,female,animate weapon,scion,bmahareyh1,345,China,100
615,Augustine,,apoorh2@mail.ru,female,barrage,other,adobinsonh2,357,Indonesia,100
616,Amalea,,agoscombh3@scribd.com,female,arctic armour,other,asatchelh3,408,Namibia,100
617,Persis,Sheringham,psheringhamh4@github.io,female,barrage,scion,psheringhamh4,75,Palestinian Territory,33
618,Hymie,Ridd,hriddh5@geocities.jp,female,barrage,other,hriddh5,393,Indonesia,100
619,,,ldowneyh6@usa.gov,female,animate weapon,scion,rstuttardh6,167,Azerbaijan,100
620,Vassili,Paynes,vpaynesh7@dion.ne.jp,female,animate weapon,other,vpaynesh7,293,Portugal,100
621,,,swoollamh8@sphinn.com,female,barrage,scion,stolanh8,428,South Africa,100
622,Winnie,,wkhilkovh9@army.mil,female,arctic armour,scion,whullyerh9,360,Czech Republic,100
623,Laurel,Molohan,lmolohanha@e-recht24.de,female,animate weapon,other,lmolohanha,116,Finland,32
624,Avie,Rawlcliffe,arawlcliffehb@senate.gov,female,arctic armour,scion,arawlcliffehb,112,Niger,48
625,,,rmcinteerhc@netlog.com,female,barrage,scion,aarnaudinhc,385,Russia,100
626,Rinaldo,Stockport,rstockporthd@furl.net,female,barrage,other,rstockporthd,11,Indonesia,16
627,Gypsy,Bakewell,gbakewellhe@liveinternet.ru,female,arctic armour,scion,gbakewellhe,243,China,100
628,Tonia,,tdagworthyhf@ibm.com,female,arctic armour,scion,tdaenenhf,246,Peru,100
629,Regan,,rjersonhg@hp.com,female,animate weapon,other,rbrunninghg,21,Netherlands,25
630,Zitella,Potes,zpoteshh@ca.gov,female,barrage,other,zpoteshh,368,Czech Republic,100
631,Alicea,Duddan,aduddanhi@cbslocal.com,female,animate weapon,other,aduddanhi,190,Armenia,100
632,Even,Isgate,eisgatehj@opera.com,female,barrage,other,eisgatehj,182,Philippines,100
633,Vinson,,vkleebornhk@msu.edu,female,animate weapon,other,vkerrhk,390,Russia,100
634,Teressa,Keepin,tkeepinhl@hao123.com,female,animate weapon,other,tkeepinhl,32,Kazakhstan,2
635,Sauveur,,sgregerhm@exblog.jp,female,barrage,scion,saguirrehm,242,Czech Republic,100
636,Daniella,,ddourishn@wikipedia.org,female,arctic armour,other,dlowdenhn,80,Greece,31
637,Broddie,,bdobleho@ibm.com,female,barrage,scion,bedbrookeho,291,Bosnia and Herzegovina,100
638,Elisabetta,Ledrun,eledrunhp@unesco.org,female,arctic armour,other,eledrunhp,227,Russia,100
639,Alyss,Arnoldi,aarnoldihq@joomla.org,female,animate weapon,other,aarnoldihq,325,Argentina,100
640,West,,wivshinhr@arstechnica.com,female,animate weapon,other,wsenthr,141,Sweden,100
641,Piper,Macer,pmacerhs@craigslist.org,female,arctic armour,scion,pmacerhs,288,China,100
642,Madelle,,myorstonht@1688.com,female,barrage,other,mgiraudoht,284,Philippines,100
643,Josh,Blight,jblighthu@wiley.com,female,arctic armour,other,jblighthu,380,Azerbaijan,100
644,,,jhaughhv@wikispaces.com,female,animate weapon,other,nroselhv,215,Japan,100
645,Northrop,Couves,ncouveshw@simplemachines.org,female,barrage,other,ncouveshw,290,Mauritania,100
646,Perle,Georges,pgeorgeshx@bing.com,female,barrage,scion,pgeorgeshx,225,Indonesia,100
647,Korey,Girdler,kgirdlerhy@digg.com,female,barrage,other,kgirdlerhy,172,Ireland,100
648,Eveline,,eblagbroughhz@imgur.com,female,animate weapon,scion,edyterhz,393,Latvia,100
649,Wake,,wfassei0@cbsnews.com,female,barrage,scion,wgainsfordi0,428,Portugal,100
650,Emanuel,McNeely,emcneelyi1@bigcartel.com,female,barrage,scion,emcneelyi1,335,Indonesia,100
651,Devondra,,dtomasicchioi2@rambler.ru,female,arctic armour,other,dgregorei2,47,Cameroon,12
652,Gussie,Braker,gbrakeri3@opera.com,female,barrage,other,gbrakeri3,163,Lithuania,100
653,Casar,Bazell,cbazelli4@marketwatch.com,female,animate weapon,other,cbazelli4,179,Indonesia,100
654,Conrad,,ckohringi5@un.org,female,animate weapon,other,ccarmei5,400,Argentina,100
655,,,dkinneiri6@ucoz.com,female,arctic armour,other,hlightbourni6,391,Portugal,100
656,Maribelle,,mlavignei7@tinyurl.com,female,barrage,other,mchiversi7,297,China,100
657,Ford,,fschildi8@symantec.com,female,barrage,scion,fgilburti8,191,Russia,100
658,Anallese,Coltart,acoltarti9@booking.com,female,barrage,scion,acoltarti9,438,Jordan,100
659,Shirlene,,sbaxendaleia@fastcompany.com,female,animate weapon,other,slarratia,100,Netherlands,59
660,Marius,Oades,moadesib@mayoclinic.com,female,arctic armour,other,moadesib,448,Nigeria,100
661,Zsazsa,,zwiggingtonic@canalblog.com,female,animate weapon,other,zryeic,298,China,100
662,,,vstaubynid@pinterest.com,female,barrage,other,gkeighlyid,72,Sierra Leone,55
663,Jaquelyn,Reagan,jreaganie@auda.org.au,female,arctic armour,scion,jreaganie,222,Brazil,100
664,Belia,Pountney,bpountneyif@spotify.com,female,barrage,other,bpountneyif,100,Indonesia,37
665,Deanna,,dhasleyig@sciencedaily.com,female,barrage,other,dluckeyig,117,China,37
666,Cyrille,Ickovic,cickovicih@alibaba.com,female,barrage,scion,cickovicih,299,China,100
667,Granny,,gacockii@yellowbook.com,female,arctic armour,other,gbroaderii,404,Russia,100
668,Noble,Nerval,nnervalij@netlog.com,female,animate weapon,scion,nnervalij,382,Serbia,100
669,Zandra,Kordas,zkordasik@tmall.com,female,barrage,scion,zkordasik,418,Czech Republic,100
670,Ingram,Oaten,ioatenil@vinaora.com,female,animate weapon,scion,ioatenil,290,Nigeria,100
671,Raina,Lampett,rlampettim@cyberchimps.com,female,arctic armour,scion,rlampettim,260,Indonesia,100
672,Leonie,,lbezarrain@china.com.cn,female,barrage,other,lnutbrownin,56,Ukraine,52
673,Lauretta,,lgrogerio@smugmug.com,female,barrage,other,llearmonthio,175,Indonesia,100
674,Brig,Sydes,bsydesip@nbcnews.com,female,barrage,scion,bsydesip,160,Zimbabwe,100
675,Marc,Elstow,melstowiq@instagram.com,female,barrage,scion,melstowiq,94,Macedonia,66
676,Isabel,,imelvinir@webmd.com,female,animate weapon,scion,ilengletir,115,China,28
677,,Hantusch,ahantuschis@usatoday.com,female,animate weapon,scion,ahantuschis,116,China,29
678,Benetta,Barstock,bbarstockit@reference.com,female,barrage,scion,bbarstockit,410,Philippines,100
679,Agathe,MacCawley,amaccawleyiu@list-manage.com,female,arctic armour,scion,amaccawleyiu,329,United States,100
680,Inga,,ideverilleiv@oracle.com,female,barrage,other,iretallackiv,439,Greece,100
681,Emlynne,Wilcock,ewilcockiw@indiatimes.com,female,barrage,other,ewilcockiw,209,Indonesia,100
682,Silvanus,Atkin,satkinix@sun.com,female,animate weapon,scion,satkinix,157,Honduras,100
683,Sara-ann,Ixer,sixeriy@furl.net,female,barrage,scion,sixeriy,242,Indonesia,100
684,Jaquenetta,Kaaskooper,jkaaskooperiz@barnesandnoble.com,female,barrage,scion,jkaaskooperiz,422,Sweden,100
685,Kim,Smeeton,ksmeetonj0@jalbum.net,female,arctic armour,other,ksmeetonj0,347,United States,100
686,Brantley,Probetts,bprobettsj1@washington.edu,female,barrage,other,bprobettsj1,376,Poland,100
687,Doralin,,dkohnekej2@ibm.com,female,barrage,scion,djarmanj2,72,Peru,28
688,,Callaghan,acallaghanj3@4shared.com,female,animate weapon,other,scallaghanj3,278,China,100
689,Myrilla,,mmcfeej4@liveinternet.ru,female,barrage,other,mgraystonj4,312,China,100
690,,Vokins,cvokinsj5@etsy.com,female,barrage,other,lvokinsj5,217,New Zealand,100
691,Joice,,jlautiej6@myspace.com,female,barrage,scion,jhearnesj6,63,Brazil,42
692,Paulita,,pgamettj7@sbwire.com,female,animate weapon,scion,pgoodanewj7,126,China,100
693,Allsun,,averrechiaj8@biglobe.ne.jp,female,animate weapon,scion,adallicoatj8,332,Venezuela,100
694,Beatrix,,bmacnellyj9@smugmug.com,female,animate weapon,other,bhargrovesj9,224,Mexico,100
695,Joella,Lucken,jluckenja@behance.net,female,barrage,scion,jluckenja,206,Sri Lanka,100
696,Felicio,,fallewayjb@zimbio.com,female,barrage,scion,fpietrasikjb,311,Philippines,100
697,Arabelle,Lawdham,alawdhamjc@upenn.edu,female,barrage,scion,alawdhamjc,379,Russia,100
698,Caesar,Guihen,cguihenjd@mediafire.com,female,barrage,other,cguihenjd,323,China,100
699,Brande,Fatscher,bfatscherje@wikispaces.com,female,barrage,scion,bfatscherje,226,Palestinian Territory,100
700,Cory,,cgoldenofirelandjf@tuttocitta.it,female,animate weapon,other,cjustjf,201,Cyprus,100
701,Lizzie,,lghirigorijg@nature.com,female,barrage,scion,lsolomonidesjg,157,Ukraine,100
702,Roselin,,rlilburnjh@diigo.com,female,animate weapon,other,rskaifedingerthorpejh,151,Chile,100
703,,,bborgeji@cocolog-nifty.com,female,arctic armour,other,nheavenji,220,China,100
704,Erek,,efleckneyjj@upenn.edu,female,arctic armour,other,elumsdalljj,154,Philippines,100
705,Pierce,Clemo,pclemojk@angelfire.com,female,barrage,scion,pclemojk,420,Czech Republic,100
706,Guthrie,Romans,gromansjl@pcworld.com,female,animate weapon,scion,gromansjl,288,South Africa,100
707,Jodie,,jfinchjm@unesco.org,female,arctic armour,other,jallcockjm,195,Indonesia,100
708,,,olefevrejn@wsj.com,female,barrage,scion,frobkejn,264,Vietnam,100
709,Harry,Lissandri,hlissandrijo@networksolutions.com,female,barrage,other,hlissandrijo,60,Tajikistan,68
710,Keane,,keassebyjp@si.edu,female,barrage,scion,killistonjp,441,Russia,100
711,,Kaman,vkamanjq@canalblog.com,female,barrage,other,mkamanjq,91,Greece,68
712,Gordy,Eglinton,geglintonjr@barnesandnoble.com,female,arctic armour,other,geglintonjr,333,Czech Republic,100
713,Des,Paddeley,dpaddeleyjs@arstechnica.com,female,barrage,other,dpaddeleyjs,177,Canada,100
714,Ronnica,,rreascejt@woothemes.com,female,barrage,other,rlanferejt,371,China,100
715,Rowe,,rgoneyju@mayoclinic.com,female,arctic armour,other,rdinegesju,68,Tanzania,54
716,,Capron,ccapronjv@creativecommons.org,female,barrage,scion,ccapronjv,356,United States,100
717,,,ltempertonjw@squarespace.com,female,barrage,scion,mstoppsjw,361,Yemen,100
718,Vernice,Luten,vlutenjx@ed.gov,female,barrage,other,vlutenjx,62,Mexico,41
719,Fairlie,,frobusjy@google.de,female,arctic armour,other,fcranstonejy,284,Finland,100
720,Gray,,gdoughartyjz@cargocollective.com,female,arctic armour,other,ghecknerjz,345,Indonesia,100
721,Cletus,Andryunin,candryunink0@flickr.com,female,animate weapon,scion,candryunink0,48,Kuwait,20
722,Marrissa,Beetlestone,mbeetlestonek1@nsw.gov.au,female,animate weapon,other,mbeetlestonek1,406,Russia,100
723,Myrilla,Babbs,mbabbsk2@sourceforge.net,female,barrage,scion,mbabbsk2,363,China,100
724,Taylor,Kingzett,tkingzettk3@foxnews.com,female,arctic armour,other,tkingzettk3,86,South Africa,36
725,Deloria,,dgroucuttk4@china.com.cn,female,animate weapon,other,driggollk4,82,Netherlands,26
726,,,cridouttk5@nydailynews.com,female,arctic armour,scion,atorresk5,344,Philippines,100
727,Nat,,nlanferk6@blogs.com,female,animate weapon,other,nhowsek6,393,Croatia,100
728,Joseito,,joehmk7@amazon.de,female,barrage,other,jcrosskellk7,424,Indonesia,100
729,Cosette,,cmcchesneyk8@addtoany.com,female,barrage,scion,ccowlamk8,439,Portugal,100
730,Torey,,tgaraghank9@nyu.edu,female,barrage,other,tecclesk9,186,Japan,100
731,Cristiano,Grabeham,cgrabehamka@harvard.edu,female,barrage,scion,cgrabehamka,185,Marshall Islands,100
732,Wang,,wpriggkb@homestead.com,female,animate weapon,other,wcuffinkb,376,Brazil,100
733,Antonino,Sussems,asussemskc@indiatimes.com,female,barrage,scion,asussemskc,80,China,49
734,Khalil,Grzeszczak,kgrzeszczakkd@blogtalkradio.com,female,barrage,scion,kgrzeszczakkd,377,China,100
735,Petronia,,psoffeke@wsj.com,female,barrage,scion,pbradmanke,217,Sweden,100
736,Almeda,Sysland,asyslandkf@cafepress.com,female,barrage,scion,asyslandkf,310,China,100
737,Nancey,,nwoodlandkg@yellowpages.com,female,barrage,scion,nbearnekg,337,South Sudan,100
738,Crystie,Pre,cprekh@youtube.com,female,animate weapon,other,cprekh,390,Senegal,100
739,Ariela,Slaght,aslaghtki@ning.com,female,arctic armour,other,aslaghtki,394,Philippines,100
740,Marcus,,mfoxcroftkj@smh.com.au,female,arctic armour,other,mczadlakj,261,Portugal,100
741,Tuckie,Jefferies,tjefferieskk@xrea.com,female,barrage,other,tjefferieskk,233,France,100
742,Valle,Gatiss,vgatisskl@jimdo.com,female,animate weapon,other,vgatisskl,12,Portugal,15
743,Kellen,,kvenesskm@state.gov,female,barrage,other,kdelamarkm,296,Indonesia,100
744,Prisca,Ivanyutin,pivanyutinkn@thetimes.co.uk,female,barrage,scion,pivanyutinkn,243,France,100
745,Marten,,mgrinawayko@qq.com,female,barrage,other,mandellko,283,Poland,100
746,Orbadiah,,ohollerinkp@skype.com,female,animate weapon,scion,odeancywilliskp,86,Peru,63
747,Linzy,,lterbrugkq@springer.com,female,barrage,other,lspatarokq,417,Japan,100
748,Cam,Kosel,ckoselkr@youku.com,female,animate weapon,scion,ckoselkr,435,Ukraine,100
749,Dalila,Martinez,dmartinezks@springer.com,female,barrage,scion,dmartinezks,224,Indonesia,100
750,Darline,,dhornigkt@ustream.tv,female,animate weapon,other,ddavidovkt,246,Philippines,100
751,Hermon,Maginn,hmaginnku@wix.com,female,arctic armour,scion,hmaginnku,51,China,52
752,Wilburt,Godsell,wgodsellkv@elpais.com,female,animate weapon,other,wgodsellkv,52,China,61
753,Vincent,Choffin,vchoffinkw@columbia.edu,female,arctic armour,scion,vchoffinkw,390,Kenya,100
754,Clerissa,Clinch,cclinchkx@ustream.tv,female,barrage,scion,cclinchkx,193,Portugal,100
755,Demetra,Lulham,dlulhamky@soup.io,female,arctic armour,scion,dlulhamky,336,Kenya,100
756,,,gpenrightkz@imageshack.us,female,barrage,other,nlenoxkz,323,Ukraine,100
757,Cherilynn,Steinham,csteinhaml0@wikimedia.org,female,animate weapon,other,csteinhaml0,78,Indonesia,64
758,Brear,,bhenworthl1@php.net,female,animate weapon,other,btweedelll1,163,Mexico,100
759,Izabel,MacCahey,imaccaheyl2@hostgator.com,female,barrage,other,imaccaheyl2,123,Peru,100
760,Daffi,Puleston,dpulestonl3@netlog.com,female,barrage,scion,dpulestonl3,256,Japan,100
761,Spence,,sianittellol4@dyndns.org,female,barrage,other,shardistryl4,105,Russia,63
762,Mercy,Cisneros,mcisnerosl5@howstuffworks.com,female,arctic armour,scion,mcisnerosl5,64,Indonesia,64
763,Theadora,Renzullo,trenzullol6@google.nl,female,barrage,other,trenzullol6,275,Indonesia,100
764,Monti,Franek,mfranekl7@nih.gov,female,barrage,other,mfranekl7,371,Afghanistan,100
765,Kary,,krudmanl8@symantec.com,female,barrage,other,kdenyl8,131,China,100
766,Christophorus,,cyakebovichl9@studiopress.com,female,animate weapon,scion,cpippinl9,79,Indonesia,66
767,Kerrie,Turbitt,kturbittla@dailymotion.com,female,barrage,scion,kturbittla,236,Indonesia,100
768,Magnum,,mbleaselb@sciencedirect.com,female,barrage,scion,mmuresslb,179,Russia,100
769,Ertha,Cammocke,ecammockelc@qq.com,female,arctic armour,other,ecammockelc,343,Nigeria,100
770,Debra,,dmodenld@netscape.com,female,arctic armour,scion,dbeachampld,125,Brazil,100
771,Rosie,,rgledstanele@google.com,female,arctic armour,scion,rtomsle,185,Japan,100
772,Gunter,,gbysakerlf@seesaa.net,female,animate weapon,scion,gdebrokelf,246,Morocco,100
773,Francisca,Daddow,fdaddowlg@wikispaces.com,female,animate weapon,scion,fdaddowlg,159,Philippines,100
774,Ludovika,Whitley,lwhitleylh@aol.com,female,barrage,other,lwhitleylh,250,Armenia,100
775,Bradly,,bharrymanli@tripod.com,female,animate weapon,other,bcosensli,134,China,100
776,Adolphus,Feveryear,afeveryearlj@eventbrite.com,female,barrage,scion,afeveryearlj,191,China,100
777,Aidan,Redholes,aredholeslk@ebay.co.uk,female,barrage,other,aredholeslk,24,Sweden,21
778,Giacopo,,gkynvinll@lycos.com,female,arctic armour,scion,gskedgell,203,Cameroon,100
779,Jesselyn,,jstruttonlm@xinhuanet.com,female,barrage,scion,jrowselllm,153,Indonesia,100
780,,,mstruijsln@hao123.com,female,arctic armour,scion,apunshonln,182,Japan,100
781,Ricard,,rcooganlo@smugmug.com,female,animate weapon,scion,rsoanlo,127,China,100
782,Jorie,,jaddslp@ameblo.jp,female,barrage,other,jdumingolp,238,Argentina,100
783,Obadiah,Clamo,oclamolq@harvard.edu,female,barrage,other,oclamolq,301,Russia,100
784,Vassili,Gerardin,vgerardinlr@amazon.de,female,animate weapon,scion,vgerardinlr,143,Portugal,100
785,Karl,,kmunkleyls@icio.us,female,barrage,other,kshowlerls,57,Uganda,29
786,Lorianna,De Vile,ldevilelt@chronoengine.com,female,arctic armour,scion,ldevilelt,145,Portugal,100
787,Moses,Whanstall,mwhanstalllu@dot.gov,female,animate weapon,other,mwhanstalllu,248,China,100
788,Andres,Lunam,alunamlv@google.cn,female,barrage,other,alunamlv,256,France,100
789,Vick,Ingerfield,vingerfieldlw@domainmarket.com,female,arctic armour,scion,vingerfieldlw,52,Serbia,36
790,Kai,Sankey,ksankeylx@acquirethisname.com,female,barrage,other,ksankeylx,131,Norway,100
791,Alyosha,Marusik,amarusikly@state.tx.us,female,arctic armour,other,amarusikly,373,China,100
792,Ashleigh,Pavey,apaveylz@cbsnews.com,female,barrage,other,apaveylz,438,Brazil,100
793,Jesus,McDougle,jmcdouglem0@cargocollective.com,female,barrage,other,jmcdouglem0,229,Indonesia,100
794,Jed,Mc Pake,jmcpakem1@cdc.gov,female,arctic armour,scion,jmcpakem1,13,Comoros,7
795,,,thazleym2@mozilla.com,female,barrage,scion,hstansbym2,293,China,100
796,Jonie,,jfusedalem3@myspace.com,female,arctic armour,other,jeudallm3,275,Indonesia,100
797,,,bglantonm4@altervista.org,female,arctic armour,other,bfairpom4,225,China,100
798,Gerta,,gmerrinm5@dyndns.org,female,barrage,other,gviolletm5,78,Ukraine,54
799,Anatol,,akippinm6@deliciousdays.com,female,arctic armour,scion,aedesonm6,121,Czech Republic,100
800,Allison,Mor,amorm7@apple.com,female,animate weapon,other,amorm7,325,China,100
801,Thorpe,Dunkerly,tdunkerlym8@bing.com,female,arctic armour,scion,tdunkerlym8,271,Egypt,100
802,Elisabetta,Chelnam,echelnamm9@lulu.com,female,barrage,other,echelnamm9,243,Laos,100
803,Virgie,,vfawdryma@miitbeian.gov.cn,female,arctic armour,scion,vsonscheinma,38,France,11
804,,,amacanemb@macromedia.com,female,barrage,other,lohalleghanemb,190,Brazil,100
805,Dennis,Desouza,ddesouzamc@dyndns.org,female,barrage,other,ddesouzamc,213,Macedonia,100
806,Nikolos,Darcey,ndarceymd@marketwatch.com,female,arctic armour,scion,ndarceymd,46,Eritrea,9
807,Diane-marie,,dstoppeme@hugedomains.com,female,animate weapon,scion,drickabyme,442,France,100
808,Avrit,,astockymf@businesswire.com,female,animate weapon,scion,aeverixmf,33,China,1
809,Don,Vedishchev,dvedishchevmg@geocities.jp,female,barrage,scion,dvedishchevmg,159,Brazil,100
810,Whitney,,wfeakemh@zimbio.com,female,arctic armour,scion,witchinghammh,164,Greece,100
811,Ettore,Choke,echokemi@google.cn,female,animate weapon,other,echokemi,226,Poland,100
812,,,sleneymj@psu.edu,female,barrage,other,afairheadmj,168,Pakistan,100
813,Karee,Gard,kgardmk@g.co,female,arctic armour,scion,kgardmk,426,Taiwan,100
814,Lory,,lspilisyml@linkedin.com,female,animate weapon,scion,ljindaml,62,Russia,30
815,Lin,Tainton,ltaintonmm@salon.com,female,animate weapon,other,ltaintonmm,421,Haiti,100
816,Dominga,,dflannemn@prnewswire.com,female,arctic armour,scion,dlindsellmn,339,Dominican Republic,100
817,Delora,Howley,dhowleymo@technorati.com,female,barrage,other,dhowleymo,288,Poland,100
818,Davida,Calleja,dcallejamp@pbs.org,female,arctic armour,other,dcallejamp,295,Armenia,100
819,Natka,Rushton,nrushtonmq@state.gov,female,barrage,other,nrushtonmq,77,France,64
820,Luigi,Blundell,lblundellmr@dyndns.org,female,arctic armour,scion,lblundellmr,383,France,100
821,Candie,O'Corr,cocorrms@weibo.com,female,animate weapon,other,cocorrms,175,Tanzania,100
822,,,kwoolacottmt@themeforest.net,female,barrage,other,mnisenmt,166,Portugal,100
823,Ron,Kiera,rkieramu@ucla.edu,female,barrage,other,rkieramu,239,Bulgaria,100
824,Caroljean,,cpalkmv@seattletimes.com,female,barrage,scion,clyndsmv,428,Indonesia,100
825,Ibrahim,,iarmisteadmw@upenn.edu,female,animate weapon,scion,irosenbushmw,409,Colombia,100
826,Ruthe,Coper,rcopermx@cam.ac.uk,female,animate weapon,other,rcopermx,265,Syria,100
827,Nicholle,Aldcorne,naldcornemy@mysql.com,female,barrage,other,naldcornemy,18,Brazil,13
828,Jacenta,Bust,jbustmz@yelp.com,female,animate weapon,scion,jbustmz,155,United States,100
829,Pepillo,,pmattusevichn0@discuz.net,female,arctic armour,other,pvowellsn0,196,Poland,100
830,Julieta,Ribchester,jribchestern1@ehow.com,female,arctic armour,scion,jribchestern1,401,Indonesia,100
831,Randee,,rfernien2@g.co,female,barrage,other,rroggern2,54,Ukraine,65
832,,Royston,lroystonn3@opensource.org,female,barrage,scion,proystonn3,62,Portugal,58
833,Carroll,Bruins,cbruinsn4@senate.gov,female,barrage,scion,cbruinsn4,330,Norway,100
834,Sergent,Boddington,sboddingtonn5@squarespace.com,female,arctic armour,scion,sboddingtonn5,288,Finland,100
835,Kikelia,Benn,kbennn6@pagesperso-orange.fr,female,barrage,scion,kbennn6,114,China,31
836,Justino,,jtreadwayn7@usatoday.com,female,arctic armour,other,jvarndelln7,90,China,30
837,Zuzana,,zlefeuvren8@istockphoto.com,female,barrage,scion,zsoppittn8,352,Iraq,100
838,Clayson,Guihen,cguihenn9@archive.org,female,barrage,other,cguihenn9,27,Norway,11
839,Maxy,,mgwilymna@seesaa.net,female,animate weapon,scion,mhucklebyna,130,Portugal,100
840,Morie,,mantonuttinb@mit.edu,female,arctic armour,scion,msamplenb,2,Malaysia,8
841,Rafferty,,rkeemarnc@tumblr.com,female,barrage,scion,rtrentnc,46,Albania,7
842,Sandie,,sdubocknd@furl.net,female,animate weapon,scion,sastellnd,142,China,100
843,Noelle,,nvardenne@furl.net,female,animate weapon,other,nmacgaheyne,99,Greece,26
844,L;urette,Crop,lcropnf@tamu.edu,female,animate weapon,other,lcropnf,442,Philippines,100
845,Orson,Aire,oaireng@taobao.com,female,animate weapon,scion,oaireng,345,Brazil,100
846,Lenci,Dunabie,ldunabienh@cafepress.com,female,barrage,other,ldunabienh,385,Latvia,100
847,Gregorio,Gary,ggaryni@mail.ru,female,arctic armour,scion,ggaryni,119,Indonesia,49
848,Hewitt,,hbroadberenj@live.com,female,barrage,scion,hravenscrofttnj,328,France,100
849,Guglielmo,Lunge,glungenk@usda.gov,female,animate weapon,other,glungenk,309,Russia,100
850,Camella,Janatka,cjanatkanl@spiegel.de,female,arctic armour,other,cjanatkanl,308,Portugal,100
851,Sascha,Odam,sodamnm@slate.com,female,barrage,scion,sodamnm,405,Argentina,100
852,Wilek,,wflottnn@cornell.edu,female,barrage,scion,wbucktharpnn,378,Italy,100
853,Bastien,,bdonnerno@miibeian.gov.cn,female,animate weapon,other,bwhateno,410,Japan,100
854,Bella,,blittefairnp@sun.com,female,animate weapon,scion,bpantlingnp,151,Ukraine,100
855,Guglielmo,,garchibouldnq@taobao.com,female,animate weapon,other,gmeekingsnq,381,China,100
856,Amble,,aahmadnr@g.co,female,arctic armour,scion,acurlessnr,353,Philippines,100
857,,Barfitt,lbarfittns@foxnews.com,female,barrage,scion,jbarfittns,54,Indonesia,49
858,Nickey,Brower,nbrowernt@blogspot.com,female,arctic armour,other,nbrowernt,209,Argentina,100
859,,Thorowgood,kthorowgoodnu@altervista.org,female,arctic armour,other,bthorowgoodnu,313,Indonesia,100
860,Carina,Mantrip,cmantripnv@bbb.org,female,barrage,scion,cmantripnv,8,China,6
861,Glynnis,Beament,gbeamentnw@opera.com,female,barrage,scion,gbeamentnw,179,Philippines,100
862,Ula,,umechellnx@theatlantic.com,female,animate weapon,other,uabrashkinnx,199,Indonesia,100
863,Skelly,,sandriessenny@auda.org.au,female,animate weapon,scion,sjahnelny,153,Indonesia,100
864,Cati,Cutill,ccutillnz@nih.gov,female,barrage,scion,ccutillnz,148,Argentina,100
865,Kori,Ralston,kralstono0@google.nl,female,arctic armour,other,kralstono0,328,China,100
866,Saunder,Fairburn,sfairburno1@bloomberg.com,female,barrage,other,sfairburno1,71,Indonesia,41
867,,,dnurdeno2@github.io,female,arctic armour,scion,wcaprono2,358,Colombia,100
868,Manda,Kitman,mkitmano3@printfriendly.com,female,barrage,scion,mkitmano3,387,Colombia,100
869,Rhea,,rcarsbergo4@chronoengine.com,female,arctic armour,scion,rpashbyo4,309,Syria,100
870,Elyn,Ovendale,eovendaleo5@cbsnews.com,female,barrage,other,eovendaleo5,144,France,100
871,Jordan,,jtippingso6@cnet.com,female,arctic armour,scion,jbraemero6,97,Honduras,68
872,Tiertza,,tginnalyo7@theguardian.com,female,barrage,other,tcowlishawo7,103,Albania,28
873,Jerrine,Baythorp,jbaythorpo8@ted.com,female,barrage,other,jbaythorpo8,107,Indonesia,57
874,Hyacintha,Eyckelberg,heyckelbergo9@youtube.com,female,animate weapon,scion,heyckelbergo9,132,Russia,100
875,Reggie,Tace,rtaceoa@narod.ru,female,barrage,other,rtaceoa,398,China,100
876,Lynnell,Battersby,lbattersbyob@discovery.com,female,animate weapon,scion,lbattersbyob,151,Ukraine,100
877,Belinda,,bsaffeoc@statcounter.com,female,barrage,scion,bgaitskilloc,152,Uzbekistan,100
878,Victoir,,vspinozziod@indiatimes.com,female,animate weapon,other,vhoysod,265,Sweden,100
879,Merna,Francis,mfrancisoe@multiply.com,female,barrage,other,mfrancisoe,43,Uzbekistan,13
880,Ogden,,oburnyateof@biblegateway.com,female,barrage,scion,oshellyof,105,China,53
881,Scarlett,Shotter,sshotterog@rediff.com,female,animate weapon,scion,sshotterog,362,Poland,100
882,Den,Sapena,dsapenaoh@tumblr.com,female,barrage,scion,dsapenaoh,51,France,49
883,Peta,Spellacey,pspellaceyoi@geocities.jp,female,barrage,scion,pspellaceyoi,111,China,53
884,Evania,Minmagh,eminmaghoj@cisco.com,female,animate weapon,other,eminmaghoj,239,China,100
885,Bartram,,bbleackleyok@google.es,female,animate weapon,scion,bformbyok,322,Indonesia,100
886,Arlena,,abettlesol@gmpg.org,female,barrage,scion,abruhnkeol,118,Indonesia,58
887,Tomasine,Hulme,thulmeom@dailymail.co.uk,female,barrage,other,thulmeom,241,Ireland,100
888,Derk,Titherington,dtitheringtonon@mapy.cz,female,barrage,other,dtitheringtonon,174,Philippines,100
889,Debra,,dantoniatoo@paginegialle.it,female,arctic armour,scion,dhelixoo,82,Indonesia,50
890,Leonhard,,lrajchertop@baidu.com,female,barrage,scion,lcurraoop,126,Venezuela,100
891,Ilka,,ifranzoq@livejournal.com,female,barrage,other,ibrisseauoq,333,Greece,100
892,Artemus,,aglennonor@time.com,female,animate weapon,other,adiveor,384,China,100
893,Temp,,tmarcombeos@dailymail.co.uk,female,barrage,scion,trebbeckos,118,Slovenia,38
894,Trescha,,tgilliot@nhs.uk,female,animate weapon,scion,tdundonot,219,Uruguay,100
895,Anissa,Philipson,aphilipsonou@skype.com,female,barrage,scion,aphilipsonou,159,Armenia,100
896,Randie,,rhastieov@freewebs.com,female,barrage,other,rrolinov,100,China,46
897,Evanne,Manion,emanionow@so-net.ne.jp,female,barrage,scion,emanionow,209,Poland,100
898,Susana,,sstonierox@imageshack.us,female,animate weapon,other,spimmeox,378,China,100
899,Bess,,brobbeoy@gizmodo.com,female,arctic armour,scion,bbenedickoy,268,China,100
900,Merl,Barenski,mbarenskioz@goo.ne.jp,female,barrage,other,mbarenskioz,127,Canada,100
901,,Medcraft,lmedcraftp0@yale.edu,female,barrage,scion,lmedcraftp0,431,Brazil,100
902,Annamaria,,acaserop1@yelp.com,female,barrage,other,aburginp1,319,China,100
903,Sanderson,Dymick,sdymickp2@patch.com,female,barrage,scion,sdymickp2,121,Indonesia,100
904,Rebbecca,McSwan,rmcswanp3@archive.org,female,animate weapon,other,rmcswanp3,327,China,100
905,Reinaldo,,rwimmersp4@senate.gov,female,animate weapon,scion,rchasmoorp4,58,China,41
906,Daryl,,dtampenp5@sfgate.com,female,barrage,other,dgiffautp5,50,China,67
907,,Di Carli,fdicarlip6@kickstarter.com,female,animate weapon,scion,qdicarlip6,108,Egypt,47
908,Morey,,mfluxp7@slideshare.net,female,barrage,scion,mjerrandp7,284,Mexico,100
909,Sibyl,Jamrowicz,sjamrowiczp8@merriam-webster.com,female,barrage,scion,sjamrowiczp8,423,Peru,100
910,Jilli,,jblackneyp9@etsy.com,female,barrage,scion,jhoylesp9,247,Canada,100
911,Othella,,oshermarpa@mapquest.com,female,animate weapon,scion,oblastockpa,237,China,100
912,Gerty,Hayne,ghaynepb@about.com,female,barrage,scion,ghaynepb,97,Indonesia,70
913,Archie,,astuckespc@yelp.com,female,barrage,other,awhitnallpc,67,Tajikistan,69
914,,Crowdace,mcrowdacepd@marketwatch.com,female,animate weapon,scion,pcrowdacepd,74,China,52
915,Tammy,,tjonsonpe@adobe.com,female,arctic armour,scion,tfearspe,53,Vietnam,48
916,Hammad,Blackaller,hblackallerpf@washington.edu,female,barrage,other,hblackallerpf,415,Kazakhstan,100
917,Cornie,,cpiolapg@walmart.com,female,barrage,scion,cvispopg,109,Philippines,28
918,Aurthur,Alner,aalnerph@ezinearticles.com,female,arctic armour,scion,aalnerph,406,Iran,100
919,,,iribeypi@surveymonkey.com,female,animate weapon,scion,kcundeypi,104,Philippines,59
920,Andriana,,adescroixpj@last.fm,female,arctic armour,scion,aruddimanpj,430,Vietnam,100
921,Corbett,,creisensteinpk@exblog.jp,female,animate weapon,scion,cpalisterpk,350,Indonesia,100
922,Lidia,Akitt,lakittpl@mediafire.com,female,animate weapon,scion,lakittpl,434,China,100
923,Chrysler,Redmire,credmirepm@ca.gov,female,barrage,other,credmirepm,206,Indonesia,100
924,Sylas,,srouncepn@nationalgeographic.com,female,barrage,other,sorrockpn,186,Malaysia,100
925,,,jwhittypo@homestead.com,female,animate weapon,other,wfolomkinpo,52,Indonesia,27
926,Lionel,Curton,lcurtonpp@scribd.com,female,animate weapon,scion,lcurtonpp,37,Poland,15
927,Celene,Fry,cfrypq@homestead.com,female,animate weapon,scion,cfrypq,258,Poland,100
928,,Northen,knorthenpr@last.fm,female,arctic armour,scion,nnorthenpr,210,Indonesia,100
929,,Cayette,ocayetteps@google.com.hk,female,barrage,scion,scayetteps,37,China,15
930,Carmelle,,cdeglanvillept@yahoo.com,female,barrage,scion,chayllerpt,87,China,64
931,Blinny,Durning,bdurningpu@t.co,female,animate weapon,scion,bdurningpu,63,Russia,44
932,,,tcargopv@bbb.org,female,arctic armour,scion,eshuardpv,339,Poland,100
933,,Agott,eagottpw@reference.com,female,arctic armour,other,gagottpw,253,China,100
934,Rafa,,rlincolnpx@washington.edu,female,barrage,other,rdyblepx,300,Bolivia,100
935,Barnett,Alfonzo,balfonzopy@bloglines.com,female,arctic armour,other,balfonzopy,366,Poland,100
936,Janeczka,McLay,jmclaypz@oakley.com,female,barrage,scion,jmclaypz,5,China,12
937,Chrissy,,cboeckeq0@quantcast.com,female,animate weapon,scion,cbengtsonq0,61,Nepal,40
938,Allyce,Daubney,adaubneyq1@google.com.au,female,arctic armour,other,adaubneyq1,296,China,100
939,Grete,Tythe,gtytheq2@acquirethisname.com,female,animate weapon,scion,gtytheq2,236,China,100
940,Theodore,,tsulterq3@com.com,female,barrage,other,tleestutq3,238,Russia,100
941,Alidia,Threadgold,athreadgoldq4@squidoo.com,female,barrage,scion,athreadgoldq4,234,Brazil,100
942,Ralf,Sandey,rsandeyq5@163.com,female,arctic armour,scion,rsandeyq5,186,Sierra Leone,100
943,Rutherford,Glasser,rglasserq6@constantcontact.com,female,arctic armour,other,rglasserq6,72,Argentina,59
944,Ninnette,,ntracyq7@1688.com,female,barrage,other,nsimonettq7,24,Colombia,25
945,Chastity,Kitcat,ckitcatq8@si.edu,female,barrage,other,ckitcatq8,125,Latvia,100
946,Daryl,,dscriverq9@dagondesign.com,female,barrage,other,drodriguezq9,245,China,100
947,,,awetwoodqa@xinhuanet.com,female,arctic armour,scion,rjovicevicqa,87,China,29
948,Mead,Tuttle,mtuttleqb@hibu.com,female,arctic armour,other,mtuttleqb,181,Russia,100
949,Mersey,McBryde,mmcbrydeqc@apache.org,female,arctic armour,scion,mmcbrydeqc,286,Poland,100
950,Kristi,Furse,kfurseqd@posterous.com,female,animate weapon,scion,kfurseqd,438,Portugal,100
951,Rona,Fewkes,rfewkesqe@latimes.com,female,barrage,other,rfewkesqe,233,Russia,100
952,Hermine,,hmulchroneqf@businessweek.com,female,barrage,other,hgroseqf,314,Indonesia,100
953,Lorenza,MacScherie,lmacscherieqg@icq.com,female,barrage,scion,lmacscherieqg,444,Svalbard and Jan Mayen,100
954,Kally,Patient,kpatientqh@cdbaby.com,female,barrage,scion,kpatientqh,109,Argentina,40
955,Felipe,,fellwoodqi@mit.edu,female,barrage,other,fclemasqi,401,Indonesia,100
956,Dianemarie,,dheinemannqj@xrea.com,female,barrage,scion,dkitchersideqj,308,Ukraine,100
957,Dodi,,dhargeyqk@kickstarter.com,female,animate weapon,other,ddackeqk,233,Poland,100
958,,Creany,pcreanyql@zimbio.com,female,barrage,scion,mcreanyql,323,Poland,100
959,,Rohfsen,orohfsenqm@tuttocitta.it,female,arctic armour,scion,frohfsenqm,244,Indonesia,100
960,Harlin,Manion,hmanionqn@gnu.org,female,animate weapon,other,hmanionqn,209,Egypt,100
961,Jacquetta,Savary,jsavaryqo@eventbrite.com,female,animate weapon,scion,jsavaryqo,133,Czech Republic,100
962,,Stangoe,bstangoeqp@google.co.jp,female,arctic armour,other,gstangoeqp,438,France,100
963,Brittni,Deaconson,bdeaconsonqq@ucoz.ru,female,arctic armour,scion,bdeaconsonqq,108,China,56
964,Horace,,hlillecrapqr@dot.gov,female,barrage,scion,haustickqr,85,Russia,61
965,Silvan,Slesser,sslesserqs@liveinternet.ru,female,barrage,other,sslesserqs,447,Malaysia,100
966,Nonie,Lawson,nlawsonqt@wikispaces.com,female,animate weapon,other,nlawsonqt,149,Israel,100
967,Doris,,dfortinqu@rambler.ru,female,animate weapon,other,dkinneirqu,21,China,19
968,Diane,,dsetonqv@last.fm,female,animate weapon,other,dgoulderqv,357,China,100
969,Randy,Lindbergh,rlindberghqw@netvibes.com,female,barrage,other,rlindberghqw,394,China,100
970,Eba,Siddaley,esiddaleyqx@telegraph.co.uk,female,animate weapon,other,esiddaleyqx,100,Philippines,27
971,,,mswindleqy@opera.com,female,barrage,scion,omayoralqy,352,United States,100
972,Adelice,,aschultzqz@chicagotribune.com,female,barrage,other,alesperqz,129,China,100
973,Mickie,,mcolcloughr0@godaddy.com,female,animate weapon,scion,mshillomr0,410,Austria,100
974,Codee,,cwhitterr1@dyndns.org,female,animate weapon,scion,cgoadyr1,117,Russia,32
975,Nowell,,npaulingr2@mozilla.com,female,arctic armour,other,njiggler2,38,China,12
976,Suki,Cleatherow,scleatherowr3@army.mil,female,barrage,scion,scleatherowr3,298,China,100
977,Dulce,Dudin,ddudinr4@constantcontact.com,female,arctic armour,scion,ddudinr4,434,Bosnia and Herzegovina,100
978,Constance,Osburn,cosburnr5@guardian.co.uk,female,barrage,other,cosburnr5,36,Indonesia,6
979,Norris,Andrejevic,nandrejevicr6@liveinternet.ru,female,animate weapon,other,nandrejevicr6,116,China,61
980,Devinne,,dmayberryr7@ifeng.com,female,animate weapon,scion,dbattistar7,313,Cameroon,100
981,Wake,Ashwood,washwoodr8@addtoany.com,female,animate weapon,scion,washwoodr8,103,Russia,49
982,Gisele,Varvell,gvarvellr9@facebook.com,female,barrage,scion,gvarvellr9,147,Egypt,100
983,Cayla,Strephan,cstrephanra@seattletimes.com,female,animate weapon,other,cstrephanra,283,Belarus,100
984,,,jgellibrandrb@homestead.com,female,arctic armour,other,craubenheimerrb,10,France,9
985,,,khunnywellrc@privacy.gov.au,female,animate weapon,scion,gmeiningenrc,235,Saint Barthelemy,100
986,Glynn,,gmylesrd@meetup.com,female,barrage,scion,goduilleainrd,378,China,100
987,Kelcie,Boni,kbonire@phpbb.com,female,barrage,other,kbonire,212,Philippines,100
988,Artemas,Meader,ameaderrf@digg.com,female,animate weapon,scion,ameaderrf,307,China,100
989,Wald,Skures,wskuresrg@ihg.com,female,animate weapon,other,wskuresrg,3,Philippines,17
990,Fenelia,Vigrass,fvigrassrh@flickr.com,female,arctic armour,scion,fvigrassrh,344,Colombia,100
991,Konrad,,khuguesri@google.co.uk,female,barrage,scion,klatheyri,357,Poland,100
992,Nannie,,nbanaszewskirj@lycos.com,female,barrage,other,nackredrj,282,Ukraine,100
993,Francis,,flerohanrk@nps.gov,female,barrage,other,fpragnallrk,375,China,100
994,,,pfentyrl@va.gov,female,barrage,scion,rkubistarl,424,Philippines,100
995,Ozzie,Downing,odowningrm@wired.com,female,animate weapon,other,odowningrm,340,Cameroon,100
996,Addison,,atatchellrn@go.com,female,barrage,other,abellefantrn,177,Ukraine,100
997,Irma,Shelton,isheltonro@dion.ne.jp,female,barrage,scion,isheltonro,427,Philippines,100
998,Abbey,Varran,avarranrp@twitter.com,female,animate weapon,scion,avarranrp,61,Peru,64
999,Donny,Balden,dbaldenrq@illinois.edu,female,barrage,other,dbaldenrq,82,Poland,70
1000,Vikki,Horder,vhorderrr@buzzfeed.com,female,animate weapon,other,vhorderrr,209,China,100
