league,scion,maurauder,templar,zombie
Redhold,55,76,51,78
Y-Solowarm,51,80,8,2
Bitchip,79,43,72,78
It,97,14,37,46
Domainer,74,65,91,90
Cardguard,27,21,26,76
Tresom,39,79,21,13
Veribet,8,54,77,72
Voyatouch,16,58,32,73
Stronghold,42,98,84,73
Y-find,12,23,83,82
Tin,74,38,5,39
Stronghold,79,16,9,1
Y-find,14,50,54,81
Flowdesk,46,5,55,35
Tin,52,61,24,9
Ventosanzap,66,93,100,1
Matsoft,9,64,91,28
Veribet,4,53,91,27
Bytecard,75,13,73,31
Quo Lux,31,15,93,18
Ventosanzap,9,61,56,45
Hatity,15,21,13,79
Sub-Ex,91,9,36,86
Alphazap,19,19,75,90
Stim,50,47,77,96
Sonsing,54,19,60,89
Stringtough,25,42,97,29
Alpha,53,78,65,80
Gembucket,94,55,16,41
Rank,35,98,53,24
Zaam-Dox,81,28,22,47
Job,39,61,16,25
Bitwolf,79,22,84,16
It,9,35,12,10
Toughjoyfax,56,57,30,78
Overhold,9,46,90,7
Bytecard,76,42,21,100
Asoka,13,87,82,21
Hatity,48,59,88,11
Kanlam,24,73,16,11
Regrant,23,63,41,65
Regrant,38,90,26,69
Treeflex,29,65,73,27
Prodder,62,64,78,26
It,4,22,70,98
Opela,96,59,29,51
Vagram,33,71,83,74
Namfix,22,42,87,77
Treeflex,79,88,16,93
Stim,78,65,91,42
Sonsing,23,62,29,11
Fix San,45,41,99,31
Andalax,60,73,90,59
Temp,29,57,86,8
Alphazap,72,90,26,19
Holdlamis,10,65,60,13
Stronghold,50,27,1,4
Namfix,83,46,4,79
It,85,25,55,9
Konklab,65,22,76,27
Ventosanzap,32,68,76,18
Domainer,89,35,69,38
Solarbreeze,47,79,59,39
Cardify,95,93,97,68
Voyatouch,35,38,3,1
Andalax,7,90,57,72
Latlux,3,51,28,87
Bytecard,33,79,64,5
Kanlam,88,39,41,11
Bitwolf,94,52,76,37
Namfix,61,37,47,44
Fix San,64,12,21,51
Flowdesk,75,22,37,80
Sub-Ex,33,37,2,84
Zamit,49,91,5,10
Ronstring,23,53,61,63
Sonsing,94,100,25,50
Bitwolf,88,10,100,25
Sonsing,9,48,56,86
Bamity,57,37,77,61
Zontrax,71,28,41,21
Aerified,83,4,26,9
Fintone,3,85,32,29
Hatity,59,89,96,100
Wrapsafe,63,89,17,45
Tin,20,29,64,19
Daltfresh,29,11,29,47
Cookley,60,15,48,97
Konklux,7,98,26,84
Sonair,74,94,97,65
Solarbreeze,33,61,47,52
Tempsoft,100,50,1,30
Pannier,97,2,93,1
Fintone,10,70,30,20
Home Ing,37,38,82,96
Veribet,53,42,15,29
Fix San,5,71,67,32
Y-find,65,90,32,61
Zontrax,65,46,24,92
Aerified,32,27,83,70
Rank,15,13,49,100
Sonsing,31,42,32,47
Ronstring,46,19,39,95
Rank,89,92,46,72
Toughjoyfax,31,87,85,89
Bitwolf,59,98,25,19
Stringtough,3,69,100,27
Duobam,39,4,41,16
Sonsing,8,39,68,76
Kanlam,50,67,64,31
Bitwolf,98,88,57,28
Zamit,47,36,58,12
Tampflex,3,77,41,72
Sonair,57,58,74,67
Prodder,48,28,84,83
Cardguard,90,2,73,65
Rank,99,75,38,96
Hatity,77,38,31,42
Cardify,97,70,87,29
Cookley,45,37,21,87
Fixflex,16,20,86,91
It,7,49,24,31
Zaam-Dox,61,45,56,34
Bamity,77,45,15,56
Pannier,46,89,53,15
Tin,25,83,57,73
Domainer,54,54,33,5
Tampflex,49,67,86,52
Stim,48,10,94,64
Solarbreeze,7,66,22,69
Regrant,90,31,3,56
It,6,18,46,70
Tres-Zap,19,84,15,86
Bigtax,93,2,95,12
Overhold,70,24,9,95
Tres-Zap,25,91,6,29
Cookley,39,15,96,38
Tres-Zap,49,50,83,54
Redhold,42,25,33,78
Otcom,66,66,56,68
Mat Lam Tam,48,68,79,67
Bitchip,43,72,4,13
Duobam,73,6,92,41
Gembucket,59,78,22,33
Hatity,100,27,34,45
Toughjoyfax,60,39,13,50
Voltsillam,18,31,25,77
Tres-Zap,89,91,65,68
Bitwolf,91,43,68,98
Tres-Zap,15,7,23,79
Zathin,1,48,92,87
Solarbreeze,33,37,53,74
Cardguard,32,38,84,32
Daltfresh,95,78,65,95
Job,73,77,66,81
Cardguard,66,49,39,4
Treeflex,4,43,93,8
Subin,59,47,21,76
Stringtough,64,66,62,22
Stim,38,7,70,64
Y-find,10,54,93,3
Tresom,70,47,63,69
Voltsillam,37,88,86,26
Treeflex,83,1,69,59
Otcom,49,23,83,97
Duobam,92,55,100,14
Biodex,81,51,90,79
Redhold,15,95,81,17
Tin,1,57,41,22
Cardify,36,54,53,56
It,59,43,56,50
Prodder,2,10,71,18
Stringtough,73,79,6,20
Job,13,66,50,7
Fixflex,89,29,18,19
Keylex,81,46,10,81
Y-Solowarm,64,23,92,78
Bigtax,32,13,67,57
Lotlux,80,66,69,69
Zontrax,46,30,17,39
Y-find,78,30,98,97
Tresom,40,64,93,71
Opela,99,9,32,45
Kanlam,86,68,27,30
Viva,10,10,61,67
Keylex,75,67,68,74
Holdlamis,2,84,87,66
Sonair,53,8,45,95
Bitchip,32,42,14,9
Stronghold,9,18,11,2
Lotlux,82,82,12,4
Solarbreeze,19,17,86,35
Sonair,44,41,94,21
Treeflex,81,93,5,24
Zaam-Dox,77,41,91,14
Aerified,47,59,65,93
Sonsing,50,98,54,12
Fix San,77,56,90,44
Alphazap,15,86,40,67
Job,11,69,98,71
Y-Solowarm,33,63,58,22
Fixflex,8,70,25,96
Y-Solowarm,53,25,87,48
Tin,16,76,3,48
Bigtax,52,29,61,89
Tin,64,79,67,58
Bitwolf,92,26,48,96
Veribet,74,55,33,89
Flowdesk,54,70,63,55
Regrant,26,73,60,43
Fix San,67,28,96,89
Toughjoyfax,38,33,35,31
Konklux,11,7,29,1
Hatity,97,80,55,91
It,75,68,25,22
Cookley,58,38,97,41
Zoolab,32,53,59,2
Bamity,77,96,29,38
Aerified,100,53,54,72
Sub-Ex,58,14,29,96
Duobam,95,65,94,30
Namfix,24,53,79,47
Cookley,50,39,6,66
Tampflex,94,18,15,22
Trippledex,1,58,3,16
Flowdesk,54,82,55,10
Bitchip,19,55,51,96
Tresom,61,62,48,69
Opela,34,60,36,2
Fix San,29,47,14,70
Domainer,25,66,69,70
Fix San,61,8,89,44
Prodder,79,3,85,80
Rank,85,70,80,39
Wrapsafe,92,53,98,67
Flexidy,100,34,69,78
Subin,25,52,49,5
Matsoft,18,77,5,20
Span,87,31,64,91
Zontrax,60,22,95,94
Viva,39,29,76,34
Konklux,33,34,96,78
Vagram,46,89,59,51
Fix San,68,63,55,30
Daltfresh,48,70,5,70
It,21,33,2,25
Latlux,60,18,61,36
Prodder,40,64,52,33
Tres-Zap,97,28,98,96
Konklab,53,90,45,28
Alpha,74,66,33,11
Kanlam,52,6,84,73
Regrant,15,91,60,77
Regrant,53,8,5,11
Domainer,46,43,77,12
Konklux,83,28,2,49
Lotstring,27,48,2,23
Treeflex,4,43,39,28
Tempsoft,1,71,52,15
Span,26,100,33,74
Flowdesk,9,18,51,85
Solarbreeze,61,30,4,1
Ventosanzap,18,14,12,47
Temp,17,11,51,86
Bamity,76,72,40,68
Otcom,46,84,32,9
Redhold,22,33,48,29
Zathin,80,92,18,68
Vagram,63,34,57,74
Temp,69,96,91,68
Konklab,81,25,72,34
Konklux,45,85,96,83
Gembucket,95,94,32,20
Zontrax,4,75,90,42
Bytecard,63,69,79,54
Zoolab,84,98,20,57
Tin,94,47,84,27
Toughjoyfax,86,7,32,67
It,68,90,24,98
Transcof,45,8,42,98
Duobam,12,18,65,24
Zamit,39,51,93,22
Biodex,6,18,90,74
Flexidy,91,74,24,56
Home Ing,31,11,49,46
Duobam,46,6,66,39
Flowdesk,76,36,40,8
Veribet,91,73,58,48
Rank,39,70,79,25
Konklab,41,41,34,10
Greenlam,3,80,23,17
Otcom,14,83,93,48
Alphazap,59,73,72,4
Domainer,7,18,13,71
Span,11,10,61,38
Holdlamis,39,72,37,25
Namfix,30,85,21,64
Home Ing,4,81,18,50
Gembucket,15,66,90,100
Namfix,53,79,83,26
Toughjoyfax,25,63,39,37
Zamit,59,17,75,66
Latlux,15,28,61,18
Greenlam,76,35,55,23
Viva,47,19,89,76
Tres-Zap,47,37,82,71
Overhold,6,16,85,81
Stronghold,39,79,66,69
Voltsillam,11,37,39,18
Zaam-Dox,1,4,1,67
Holdlamis,88,38,4,80
Y-Solowarm,88,46,23,38
Quo Lux,67,44,54,41
Bytecard,12,3,21,29
Cardify,92,80,100,54
Fix San,49,42,40,24
Biodex,83,21,36,81
Toughjoyfax,80,78,25,30
Trippledex,44,89,18,5
Treeflex,43,64,29,31
Alpha,36,35,87,95
Latlux,11,37,98,31
Daltfresh,25,70,99,46
Asoka,37,93,18,15
Tresom,87,29,17,77
Cookley,63,7,17,1
Subin,2,47,9,67
Opela,29,15,62,93
Duobam,92,99,73,43
Zamit,91,16,64,1
Trippledex,70,4,72,56
Gembucket,50,11,31,4
Ventosanzap,29,65,3,88
Zaam-Dox,93,4,15,5
Bitwolf,58,89,37,57
Stronghold,42,8,17,44
Otcom,46,47,7,37
Temp,37,41,83,61
Rank,76,95,56,81
Otcom,42,26,31,11
Matsoft,4,19,69,28
Stringtough,68,73,79,25
Span,25,96,44,83
Bigtax,26,33,19,82
Latlux,52,13,10,61
Cookley,19,2,52,83
Subin,47,17,85,5
Aerified,29,67,50,48
Aerified,2,61,83,32
Lotlux,8,71,73,68
Duobam,75,50,83,61
Matsoft,68,61,88,94
Alpha,20,21,32,5
Trippledex,35,58,56,90
Lotlux,22,73,11,96
Veribet,16,99,40,85
Duobam,7,55,33,76
Fix San,15,81,94,26
Greenlam,29,70,25,10
Home Ing,80,25,85,4
Redhold,86,11,56,15
It,24,14,12,55
Namfix,54,94,36,60
Toughjoyfax,22,3,98,88
Trippledex,38,29,50,88
Veribet,51,20,18,42
Tres-Zap,38,81,81,39
Bigtax,72,33,75,58
Veribet,90,73,39,4
Zaam-Dox,15,21,80,7
Veribet,70,46,45,82
Tempsoft,97,25,16,38
Duobam,24,89,25,13
Greenlam,45,43,85,70
Domainer,82,27,88,32
Treeflex,11,4,4,50
Prodder,41,49,66,67
Transcof,91,40,61,77
Trippledex,99,96,98,41
Job,86,26,31,93
Lotlux,44,62,18,97
Zontrax,14,51,65,64
Job,23,56,69,95
Fintone,21,11,11,43
Treeflex,78,44,52,44
Latlux,1,14,9,22
Tin,21,5,94,75
Opela,79,63,90,11
Sonsing,99,67,93,32
Zathin,56,78,4,31
Asoka,90,48,75,49
Fintone,45,1,2,48
Veribet,96,47,21,32
Redhold,94,84,37,13
Regrant,19,21,46,26
Duobam,24,50,93,40
Span,75,90,100,94
Span,95,89,95,59
Otcom,66,46,57,92
Cardguard,16,43,36,2
Keylex,3,54,62,86
Namfix,3,15,56,82
Stim,52,65,100,89
Aerified,7,38,20,29
Y-find,99,45,52,28
Trippledex,91,70,87,57
Kanlam,98,98,38,74
Aerified,13,59,49,90
Job,70,82,54,68
Y-find,45,14,14,68
Tempsoft,60,21,13,7
Zontrax,73,26,49,88
Biodex,96,58,89,1
Duobam,50,43,15,79
Transcof,82,87,28,63
Voltsillam,71,7,2,21
Fintone,19,78,39,61
Job,52,71,97,75
Fintone,91,28,100,82
Home Ing,61,47,53,96
Overhold,66,56,12,82
Cardguard,71,2,39,35
Otcom,43,18,88,67
Mat Lam Tam,70,47,53,85
Lotlux,90,7,25,84
Keylex,70,94,62,8
Stronghold,28,53,63,27
Matsoft,46,33,75,83
Matsoft,5,100,88,77
Fixflex,6,74,40,99
Y-find,78,2,32,97
Treeflex,40,67,54,17
Zathin,5,59,24,50
Stim,75,48,82,98
Temp,7,87,81,6
Flexidy,39,52,34,2
Stronghold,12,76,76,99
Span,77,7,72,38
Cookley,28,7,21,69
Zontrax,13,94,6,75
Tampflex,72,93,73,6
Greenlam,52,17,36,55
Home Ing,27,23,7,79
Fintone,36,20,51,23
Flowdesk,98,23,70,97
Gembucket,21,96,57,45
Treeflex,42,46,79,19
Rank,69,13,55,9
Subin,80,82,1,64
Toughjoyfax,40,17,91,22
Home Ing,19,31,57,14
Ronstring,94,8,98,55
Pannier,12,45,78,55
Namfix,20,63,32,92
Zaam-Dox,51,24,15,64
Latlux,5,93,9,84
Duobam,23,40,22,85
Holdlamis,28,23,64,38
Zaam-Dox,87,45,92,75
Temp,89,65,15,90
Subin,4,12,21,17
Zathin,56,81,33,55
Sonair,81,94,45,86
Fintone,8,24,45,17
Mat Lam Tam,84,93,83,66
Sonsing,63,63,23,47
Otcom,74,41,90,1
Alpha,15,85,38,30
Mat Lam Tam,9,62,3,81
Bitchip,49,3,90,96
Tres-Zap,29,44,81,59
Wrapsafe,10,94,52,27
Flexidy,61,59,52,86
Zaam-Dox,44,93,51,49
Mat Lam Tam,17,72,51,47
Daltfresh,28,61,49,43
Sub-Ex,23,87,37,20
Treeflex,62,39,87,98
Temp,67,1,23,25
Cardify,1,48,27,40
Voyatouch,85,14,43,80
Matsoft,97,76,87,20
Quo Lux,76,47,40,48
Zaam-Dox,80,95,21,9
Solarbreeze,10,43,49,7
Cookley,30,52,97,18
Zontrax,10,55,34,22
Kanlam,6,30,56,75
Zoolab,68,73,80,54
Kanlam,73,14,40,9
Gembucket,74,63,92,86
Daltfresh,71,57,99,30
Domainer,46,68,14,87
Tampflex,41,92,31,8
Tempsoft,89,43,68,73
Cookley,51,99,15,40
Cardify,8,59,46,14
Rank,74,98,3,67
Matsoft,8,51,2,49
Matsoft,79,29,24,58
Bamity,50,20,33,8
Biodex,39,33,91,22
Sub-Ex,91,76,7,55
Stim,82,26,42,95
Asoka,25,10,49,23
Zamit,55,57,23,88
Domainer,84,66,41,39
Alpha,63,34,92,43
Fintone,51,6,38,19
Solarbreeze,22,62,43,15
Voltsillam,38,39,83,4
Asoka,7,33,26,93
Tempsoft,25,10,14,8
Sonair,23,47,51,32
Fix San,55,35,28,57
Opela,79,78,65,39
Cardguard,64,92,6,85
Zathin,14,82,22,8
Asoka,71,5,24,11
Stronghold,2,78,81,66
Bamity,63,14,76,44
Bamity,52,52,25,88
Latlux,27,63,90,81
Flexidy,12,45,67,20
Fintone,52,90,24,62
Ronstring,30,28,84,80
Bitwolf,76,84,65,65
Kanlam,44,82,75,42
Asoka,11,37,22,36
Tin,15,74,17,51
Konklab,72,93,85,87
Tempsoft,44,82,98,93
Duobam,42,51,80,92
Bitchip,98,70,8,47
Stronghold,11,39,75,8
Subin,59,86,97,48
Subin,58,39,15,3
Veribet,90,36,25,64
Redhold,93,43,24,73
Aerified,93,4,36,66
Fintone,91,74,70,56
Job,26,49,70,93
Sonair,16,56,35,21
Cardguard,56,69,50,50
Quo Lux,28,82,80,43
Lotlux,90,7,92,31
Domainer,28,68,73,91
Tempsoft,21,31,62,6
Andalax,33,76,44,62
Toughjoyfax,6,79,18,64
Opela,32,99,50,51
Hatity,46,76,22,21
Sub-Ex,4,47,94,45
Ventosanzap,71,18,47,93
Hatity,52,84,58,68
Temp,29,3,67,24
Zontrax,38,84,46,42
Latlux,8,61,20,6
Domainer,78,77,4,84
Namfix,50,52,14,68
Cardify,26,85,61,30
Trippledex,81,30,59,90
Sonair,11,88,65,6
Duobam,32,44,65,31
Kanlam,74,28,81,24
Holdlamis,60,94,26,76
Latlux,63,12,65,7
Zamit,41,57,30,48
Rank,56,51,2,15
Veribet,44,22,80,79
Voltsillam,49,80,61,39
Alphazap,55,66,80,13
Pannier,96,87,79,84
Overhold,35,10,32,45
Greenlam,44,91,48,32
Tampflex,64,4,1,23
Alpha,39,41,46,82
Domainer,58,53,27,20
Aerified,34,2,100,80
Stronghold,32,32,66,29
Tresom,53,94,55,31
Regrant,63,42,35,39
Opela,18,49,66,26
Zontrax,35,13,99,69
Fixflex,53,65,68,81
Otcom,41,18,31,63
Temp,74,1,18,85
Duobam,87,55,87,20
Otcom,79,72,6,11
Zontrax,50,87,53,20
Sonsing,63,95,33,9
Fixflex,91,93,25,31
Alphazap,59,79,34,30
Y-find,95,1,70,22
Stringtough,26,16,89,85
Mat Lam Tam,19,32,7,59
Zaam-Dox,8,33,67,32
Ventosanzap,13,39,21,54
Stim,15,92,63,96
Opela,45,85,74,69
Bytecard,31,28,38,18
Otcom,8,19,43,16
Asoka,62,51,32,52
Bigtax,24,48,80,95
Quo Lux,46,43,60,15
Solarbreeze,56,5,87,46
Hatity,61,31,71,92
Flowdesk,48,74,84,28
Tin,62,35,96,75
Zontrax,33,60,5,58
Fintone,23,40,51,80
Cardify,10,26,63,39
Bigtax,2,26,84,77
Tin,83,65,85,49
Zamit,92,99,48,11
Bigtax,57,62,80,13
Regrant,39,22,85,14
Kanlam,89,74,21,27
Bigtax,60,96,77,3
Tresom,51,96,56,13
Matsoft,73,66,30,3
Tempsoft,46,62,100,75
Viva,78,12,1,11
Treeflex,81,10,75,56
Greenlam,66,10,99,11
Prodder,73,25,97,39
Bamity,97,53,53,68
Tresom,17,15,55,40
Y-find,72,76,47,29
Mat Lam Tam,6,98,99,99
Cardguard,65,24,26,11
Tampflex,37,7,95,52
Cookley,90,2,60,53
Sonair,27,52,2,31
Tres-Zap,100,48,84,72
Kanlam,80,93,89,1
Konklab,39,50,23,54
Solarbreeze,39,50,21,87
Tresom,45,80,52,96
Voyatouch,64,31,47,7
Tempsoft,34,14,54,55
Bigtax,66,52,38,37
Tresom,95,62,94,95
Lotstring,31,70,56,9
Alpha,45,34,29,49
Tempsoft,71,68,53,90
Cardguard,58,72,9,81
Span,92,1,20,13
Stronghold,74,28,82,8
Zaam-Dox,89,52,44,14
Solarbreeze,39,33,12,7
Flexidy,45,72,65,48
Zoolab,4,16,59,46
Gembucket,59,29,74,86
Solarbreeze,79,19,79,61
Solarbreeze,55,26,28,35
It,33,51,67,71
Lotlux,28,65,52,54
Konklux,18,67,23,87
Bytecard,46,39,17,46
Flexidy,29,41,83,94
Aerified,33,72,35,2
Fintone,13,52,39,66
Lotlux,68,97,40,27
Kanlam,37,49,68,7
Trippledex,20,77,24,9
Tresom,34,13,26,4
Kanlam,51,99,16,71
Zontrax,92,55,13,86
Y-find,63,44,94,28
Andalax,10,11,37,14
Sonsing,74,15,49,27
Voltsillam,27,100,23,87
Treeflex,80,44,8,6
Solarbreeze,16,75,39,89
Flexidy,55,30,37,41
Bigtax,43,3,60,88
Konklab,29,37,22,66
Alphazap,67,72,14,81
Greenlam,51,58,74,93
Voyatouch,27,50,15,63
Tres-Zap,80,79,30,2
It,65,9,1,23
Alpha,63,36,74,96
Sub-Ex,48,19,47,90
Transcof,4,88,58,35
Y-find,49,56,98,12
Stronghold,42,7,76,85
Flowdesk,77,85,79,43
Zoolab,53,57,39,21
Sonair,2,17,13,29
Tempsoft,67,5,35,15
Job,57,76,61,80
Bigtax,59,87,14,35
Y-find,77,58,49,67
Keylex,31,80,37,28
Tampflex,7,6,10,65
Duobam,18,70,100,5
Temp,84,64,2,35
It,75,20,54,48
Domainer,28,4,61,93
Ventosanzap,98,30,4,71
Matsoft,58,92,14,39
Otcom,65,94,62,84
Flowdesk,85,21,13,12
Bitchip,82,9,23,82
Bigtax,31,71,17,46
Sonsing,100,3,49,2
Wrapsafe,28,71,33,2
Lotlux,69,8,8,98
Gembucket,36,4,15,69
Stim,70,49,76,19
Otcom,27,10,82,26
Alpha,50,62,27,80
Bytecard,89,72,7,69
Zathin,66,82,74,5
Tampflex,57,46,98,41
Alphazap,1,21,80,39
Mat Lam Tam,45,90,20,81
Fintone,9,62,2,12
Keylex,33,31,42,75
Bigtax,62,93,73,60
Cardguard,90,38,19,14
Asoka,62,77,64,27
Zaam-Dox,27,12,100,65
Greenlam,80,61,13,6
Solarbreeze,4,96,53,29
Domainer,83,94,12,21
Cookley,36,52,17,1
Kanlam,93,80,11,29
Voyatouch,85,98,72,72
Konklab,83,30,50,28
Asoka,3,84,23,64
Opela,46,35,61,86
Voltsillam,7,13,27,16
Redhold,100,23,27,94
Job,30,7,99,74
Stim,93,36,95,8
Prodder,66,8,39,89
Temp,31,61,31,32
Subin,93,68,56,24
Kanlam,69,4,2,86
Tempsoft,83,2,70,17
Otcom,80,49,37,78
Prodder,22,9,50,95
Ronstring,96,93,38,2
Otcom,22,7,19,89
Duobam,2,95,9,59
Zathin,49,77,73,55
Matsoft,5,81,7,79
Domainer,28,43,53,34
Alphazap,68,22,15,66
Stringtough,23,49,95,24
Span,93,80,24,99
Sonsing,82,81,63,86
Flowdesk,32,2,39,52
Otcom,97,66,95,73
Voltsillam,65,95,40,39
Opela,40,69,43,42
Sonair,95,40,46,9
Domainer,14,12,80,74
Tres-Zap,3,50,70,82
Wrapsafe,67,37,80,53
Toughjoyfax,73,12,57,49
Domainer,72,61,31,51
Sonsing,36,41,79,5
Bytecard,92,89,9,51
Namfix,43,13,15,60
Prodder,42,10,8,8
Otcom,73,84,59,27
Toughjoyfax,9,10,91,20
Alpha,46,41,9,35
Lotlux,20,43,3,45
Voltsillam,13,31,62,78
Bitwolf,70,58,14,15
Stim,6,69,47,19
Stronghold,31,32,44,26
Ventosanzap,44,22,93,81
Fixflex,73,16,69,83
Viva,51,42,77,99
Aerified,30,46,63,26
Rank,13,7,6,66
Wrapsafe,22,82,40,32
Biodex,23,38,68,40
Temp,90,26,50,4
Domainer,8,72,75,78
Solarbreeze,16,83,48,48
Konklux,8,61,91,8
Biodex,36,18,34,25
Alpha,100,10,33,27
